tanggal;periode;tinggi_gelombang
2013-01-01;1;0,10
2013-01-02;2;0,09
2013-01-03;3;0,05
2013-01-04;4;0,14
2013-01-05;5;0,15
2013-01-06;6;0,05
2013-01-07;7;0,19
2013-01-08;8;0,15
2013-01-09;9;0,11
2013-01-10;10;0,05
2013-01-11;11;0,09
2013-01-12;12;0,13
2013-01-13;13;0,26
2013-01-14;14;0,23
2013-01-15;15;0,23
2013-01-16;16;0,23
2013-01-17;17;0,23
2013-01-18;18;0,16
2013-01-19;19;0,14
2013-01-20;20;0,16
2013-01-21;21;0,11
2013-01-22;22;0,06
2013-01-23;23;0,11
2013-01-24;24;0,28
2013-01-25;25;0,21
2013-01-26;26;0,05
2013-01-27;27;0,03
2013-01-28;28;0,03
2013-01-29;29;0,19
2013-01-30;30;0,23
2013-01-31;31;0,30
2013-02-01;32;0,20
2013-02-02;33;0,20
2013-02-03;34;0,13
2013-02-04;35;0,10
2013-02-05;36;0,10
2013-02-06;37;0,06
2013-02-07;38;0,02
2013-02-08;39;0,11
2013-02-09;40;0,11
2013-02-10;41;0,11
2013-02-11;42;0,11
2013-02-12;43;0,11
2013-02-13;44;0,09
2013-02-14;45;0,12
2013-02-15;46;0,18
2013-02-16;47;0,22
2013-02-17;48;0,17
2013-02-18;49;0,21
2013-02-19;50;0,25
2013-02-20;51;0,21
2013-02-21;52;0,11
2013-02-22;53;0,21
2013-02-23;54;0,21
2013-02-24;55;0,28
2013-02-25;56;0,20
2013-02-26;57;0,17
2013-02-27;58;0,21
2013-02-28;59;0,21
2013-03-01;60;0,20
2013-03-02;61;0,28
2013-03-03;62;0,17
2013-03-04;63;0,21
2013-03-05;64;0,26
2013-03-06;65;0,21
2013-03-07;66;0,20
2013-03-08;67;0,28
2013-03-09;68;0,26
2013-03-10;69;0,20
2013-03-11;70;0,25
2013-03-12;71;0,27
2013-03-13;72;0,26
2013-03-14;73;0,27
2013-03-15;74;0,13
2013-03-16;75;0,29
2013-03-17;76;0,10
2013-03-18;77;0,10
2013-03-19;78;0,15
2013-03-20;79;0,27
2013-03-21;80;0,29
2013-03-22;81;0,26
2013-03-23;82;0,28
2013-03-24;83;0,29
2013-03-25;84;0,04
2013-03-26;85;0,06
2013-03-27;86;0,03
2013-03-28;87;0,26
2013-03-29;88;0,20
2013-03-30;89;0,25
2013-03-31;90;0,27
2013-04-01;91;0,26
2013-04-02;92;0,20
2013-04-03;93;0,28
2013-04-04;94;0,17
2013-04-05;95;0,21
2013-04-06;96;0,26
2013-04-07;97;0,21
2013-04-08;98;0,20
2013-04-09;99;0,28
2013-04-10;100;0,20
2013-04-11;101;0,25
2013-04-12;102;1,00
2013-04-13;103;0,19
2013-04-14;104;0,25
2013-04-15;105;0,17
2013-04-16;106;0,17
2013-04-17;107;0,21
2013-04-18;108;0,25
2013-04-19;109;0,05
2013-04-20;110;0,50
2013-04-21;111;0,20
2013-04-22;112;0,20
2013-04-23;113;0,30
2013-04-24;114;0,20
2013-04-25;115;0,20
2013-04-26;116;0,25
2013-04-27;117;0,27
2013-04-28;118;0,26
2013-04-29;119;0,06
2013-04-30;120;0,11
2013-05-01;121;0,28
2013-05-02;122;0,21
2013-05-03;123;0,05
2013-05-04;124;0,21
2013-05-05;125;0,21
2013-05-06;126;0,20
2013-05-07;127;0,23
2013-05-08;128;0,30
2013-05-09;129;0,20
2013-05-10;130;0,20
2013-05-11;131;0,18
2013-05-12;132;0,21
2013-05-13;133;0,24
2013-05-14;134;0,24
2013-05-15;135;0,21
2013-05-16;136;0,25
2013-05-17;137;0,21
2013-05-18;138;0,24
2013-05-19;139;0,21
2013-05-20;140;0,21
2013-05-21;141;0,25
2013-05-22;142;0,22
2013-05-23;143;0,19
2013-05-24;144;0,28
2013-05-25;145;0,27
2013-05-26;146;0,25
2013-05-27;147;0,25
2013-05-28;148;0,27
2013-05-29;149;0,26
2013-05-30;150;0,25
2013-05-31;151;0,17
2013-06-01;152;0,21
2013-06-02;153;0,42
2013-06-03;154;0,30
2013-06-04;155;0,30
2013-06-05;156;0,35
2013-06-06;157;0,30
2013-06-07;158;0,41
2013-06-08;159;0,45
2013-06-09;160;0,33
2013-06-10;161;0,41
2013-06-11;162;0,21
2013-06-12;163;0,34
2013-06-13;164;0,30
2013-06-14;165;0,30
2013-06-15;166;0,31
2013-06-16;167;0,33
2013-06-17;168;0,32
2013-06-18;169;0,25
2013-06-19;170;0,19
2013-06-20;171;0,26
2013-06-21;172;0,40
2013-06-22;173;0,27
2013-06-23;174;0,33
2013-06-24;175;0,33
2013-06-25;176;0,53
2013-06-26;177;0,25
2013-06-27;178;1,00
2013-06-28;179;1,00
2013-06-29;180;0,79
2013-06-30;181;0,27
2013-07-01;182;0,25
2013-07-02;183;0,26
2013-07-03;184;0,20
2013-07-04;185;0,25
2013-07-05;186;0,04
2013-07-06;187;1,00
2013-07-07;188;0,22
2013-07-08;189;0,26
2013-07-09;190;0,20
2013-07-10;191;0,25
2013-07-11;192;0,27
2013-07-12;193;0,26
2013-07-13;194;0,20
2013-07-14;195;0,28
2013-07-15;196;0,17
2013-07-16;197;0,21
2013-07-17;198;0,26
2013-07-18;199;0,21
2013-07-19;200;0,20
2013-07-20;201;0,28
2013-07-21;202;0,20
2013-07-22;203;0,25
2013-07-23;204;1,00
2013-07-24;205;0,19
2013-07-25;206;0,25
2013-07-26;207;0,17
2013-07-27;208;0,17
2013-07-28;209;0,21
2013-07-29;210;0,25
2013-07-30;211;0,17
2013-07-31;212;0,15
2013-08-01;213;0,23
2013-08-02;214;0,20
2013-08-03;215;0,30
2013-08-04;216;0,20
2013-08-05;217;0,26
2013-08-06;218;0,25
2013-08-07;219;0,27
2013-08-08;220;0,26
2013-08-09;221;0,06
2013-08-10;222;0,24
2013-08-11;223;0,28
2013-08-12;224;0,21
2013-08-13;225;0,17
2013-08-14;226;0,16
2013-08-15;227;0,15
2013-08-16;228;0,20
2013-08-17;229;0,23
2013-08-18;230;0,23
2013-08-19;231;0,20
2013-08-20;232;0,20
2013-08-21;233;0,35
2013-08-22;234;1,00
2013-08-23;235;0,21
2013-08-24;236;0,15
2013-08-25;237;0,22
2013-08-26;238;0,25
2013-08-27;239;0,17
2013-08-28;240;0,19
2013-08-29;241;0,21
2013-08-30;242;0,21
2013-08-31;243;0,19
2013-09-01;244;0,19
2013-09-02;245;0,15
2013-09-03;246;0,22
2013-09-04;247;0,24
2013-09-05;248;0,25
2013-09-06;249;0,21
2013-09-07;250;0,10
2013-09-08;251;0,19
2013-09-09;252;0,25
2013-09-10;253;0,17
2013-09-11;254;0,21
2013-09-12;255;0,21
2013-09-13;256;0,19
2013-09-14;257;0,19
2013-09-15;258;0,15
2013-09-16;259;0,22
2013-09-17;260;0,24
2013-09-18;261;0,25
2013-09-19;262;0,25
2013-09-20;263;0,17
2013-09-21;264;0,21
2013-09-22;265;0,21
2013-09-23;266;0,19
2013-09-24;267;0,15
2013-09-25;268;0,22
2013-09-26;269;0,24
2013-09-27;270;0,25
2013-09-28;271;0,25
2013-09-29;272;0,22
2013-09-30;273;0,21
2013-10-01;274;0,11
2013-10-02;275;0,21
2013-10-03;276;0,21
2013-10-04;277;0,28
2013-10-05;278;0,20
2013-10-06;279;0,17
2013-10-07;280;0,21
2013-10-08;281;0,21
2013-10-09;282;0,20
2013-10-10;283;0,28
2013-10-11;284;0,17
2013-10-12;285;0,21
2013-10-13;286;0,26
2013-10-14;287;0,21
2013-10-15;288;0,20
2013-10-16;289;0,28
2013-10-17;290;0,26
2013-10-18;291;0,20
2013-10-19;292;0,25
2013-10-20;293;0,27
2013-10-21;294;0,26
2013-10-22;295;0,27
2013-10-23;296;0,16
2013-10-24;297;0,25
2013-10-25;298;0,14
2013-10-26;299;0,09
2013-10-27;300;0,70
2013-10-28;301;0,24
2013-10-29;302;0,09
2013-10-30;303;0,24
2013-10-31;304;0,19
2013-11-01;305;0,19
2013-11-02;306;0,15
2013-11-03;307;0,22
2013-11-04;308;0,24
2013-11-05;309;0,25
2013-11-06;310;0,20
2013-11-07;311;0,12
2013-11-08;312;0,19
2013-11-09;313;0,25
2013-11-10;314;0,17
2013-11-11;315;0,17
2013-11-12;316;0,21
2013-11-13;317;0,21
2013-11-14;318;0,19
2013-11-15;319;0,19
2013-11-16;320;0,15
2013-11-17;321;0,22
2013-11-18;322;0,24
2013-11-19;323;0,25
2013-11-20;324;0,21
2013-11-21;325;0,10
2013-11-22;326;0,19
2013-11-23;327;0,25
2013-11-24;328;0,21
2013-11-25;329;0,10
2013-11-26;330;0,19
2013-11-27;331;0,24
2013-11-28;332;0,19
2013-11-29;333;0,19
2013-11-30;334;0,15
2013-12-01;335;0,22
2013-12-02;336;0,24
2013-12-03;337;0,25
2013-12-04;338;0,21
2013-12-05;339;0,10
2013-12-06;340;0,19
2013-12-07;341;0,25
2013-12-08;342;0,17
2013-12-09;343;0,17
2013-12-10;344;0,21
2013-12-11;345;0,21
2013-12-12;346;0,19
2013-12-13;347;0,19
2013-12-14;348;0,15
2013-12-15;349;0,22
2013-12-16;350;0,24
2013-12-17;351;0,25
2013-12-18;352;0,21
2013-12-19;353;0,10
2013-12-20;354;0,19
2013-12-21;355;0,25
2013-12-22;356;0,17
2013-12-23;357;0,17
2013-12-24;358;0,21
2013-12-25;359;0,10
2013-12-26;360;0,19
2013-12-27;361;0,25
2013-12-28;362;0,17
2013-12-29;363;0,17
2013-12-30;364;0,21
2013-12-31;365;0,21
2014-01-01;366;0,19
2014-01-02;367;0,19
2014-01-03;368;0,15
2014-01-04;369;0,22
2014-01-05;370;0,24
2014-01-06;371;0,25
2014-01-07;372;0,35
2014-01-08;373;0,96
2014-01-09;374;0,24
2014-01-10;375;0,09
2014-01-11;376;0,24
2014-01-12;377;0,19
2014-01-13;378;0,19
2014-01-14;379;0,15
2014-01-15;380;0,22
2014-01-16;381;0,24
2014-01-17;382;0,25
2014-01-18;383;0,21
2014-01-19;384;0,10
2014-01-20;385;0,19
2014-01-21;386;0,25
2014-01-22;387;0,17
2014-01-23;388;0,17
2014-01-24;389;0,09
2014-01-25;390;0,24
2014-01-26;391;0,19
2014-01-27;392;0,19
2014-01-28;393;0,15
2014-01-29;394;0,22
2014-01-30;395;0,24
2014-01-31;396;0,25
2014-02-01;397;0,26
2014-02-02;398;0,10
2014-02-03;399;0,26
2014-02-04;400;0,25
2014-02-05;401;0,24
2014-02-06;402;0,24
2014-02-07;403;0,21
2014-02-08;404;0,32
2014-02-09;405;0,19
2014-02-10;406;0,19
2014-02-11;407;0,15
2014-02-12;408;0,22
2014-02-13;409;0,24
2014-02-14;410;0,25
2014-02-15;411;0,21
2014-02-16;412;0,10
2014-02-17;413;0,19
2014-02-18;414;0,25
2014-02-19;415;0,17
2014-02-20;416;0,21
2014-02-21;417;0,39
2014-02-22;418;0,58
2014-02-23;419;0,19
2014-02-24;420;0,15
2014-02-25;421;0,22
2014-02-26;422;0,24
2014-02-27;423;0,25
2014-02-28;424;0,21
2014-03-01;425;0,32
2014-03-02;426;0,19
2014-03-03;427;0,24
2014-03-04;428;0,19
2014-03-05;429;0,19
2014-03-06;430;0,26
2014-03-07;431;0,22
2014-03-08;432;0,24
2014-03-09;433;0,30
2014-03-10;434;0,21
2014-03-11;435;0,10
2014-03-12;436;0,28
2014-03-13;437;0,25
2014-03-14;438;0,24
2014-03-15;439;0,38
2014-03-16;440;0,21
2014-03-17;441;0,21
2014-03-18;442;0,19
2014-03-19;443;0,19
2014-03-20;444;0,32
2014-03-21;445;0,22
2014-03-22;446;0,24
2014-03-23;447;0,25
2014-03-24;448;0,21
2014-03-25;449;0,10
2014-03-26;450;0,19
2014-03-27;451;0,25
2014-03-28;452;0,17
2014-03-29;453;0,21
2014-03-30;454;0,19
2014-03-31;455;0,19
2014-04-01;456;0,28
2014-04-02;457;0,22
2014-04-03;458;0,24
2014-04-04;459;0,26
2014-04-05;460;0,21
2014-04-06;461;0,25
2014-04-07;462;0,19
2014-04-08;463;0,27
2014-04-09;464;0,28
2014-04-10;465;0,21
2014-04-11;466;0,26
2014-04-12;467;0,21
2014-04-13;468;0,24
2014-04-14;469;0,20
2014-04-15;470;0,23
2014-04-16;471;0,30
2014-04-17;472;0,20
2014-04-18;473;0,20
2014-04-19;474;0,22
2014-04-20;475;0,21
2014-04-21;476;0,58
2014-04-22;477;0,21
2014-04-23;478;0,17
2014-04-24;479;0,85
2014-04-25;480;0,75
2014-04-26;481;0,60
2014-04-27;482;0,83
2014-04-28;483;1,05
2014-04-29;484;0,92
2014-04-30;485;0,59
2014-05-01;486;0,87
2014-05-02;487;0,37
2014-05-03;488;0,73
2014-05-04;489;0,60
2014-05-05;490;0,70
2014-05-06;491;0,61
2014-05-07;492;0,63
2014-05-08;493;0,61
2014-05-09;494;0,21
2014-05-10;495;0,28
2014-05-11;496;0,20
2014-05-12;497;0,17
2014-05-13;498;0,21
2014-05-14;499;0,21
2014-05-15;500;0,20
2014-05-16;501;0,28
2014-05-17;502;0,17
2014-05-18;503;0,21
2014-05-19;504;0,26
2014-05-20;505;0,21
2014-05-21;506;0,37
2014-05-22;507;0,75
2014-05-23;508;0,61
2014-05-24;509;0,70
2014-05-25;510;0,65
2014-05-26;511;0,67
2014-05-27;512;0,59
2014-05-28;513;0,64
2014-05-29;514;0,64
2014-05-30;515;0,61
2014-05-31;516;0,17
2014-06-01;517;0,21
2014-06-02;518;0,39
2014-06-03;519;0,75
2014-06-04;520;0,66
2014-06-05;521;0,71
2014-06-06;522;0,64
2014-06-07;523;0,68
2014-06-08;524;0,61
2014-06-09;525;0,75
2014-06-10;526;0,60
2014-06-11;527;0,71
2014-06-12;528;0,64
2014-06-13;529;0,64
2014-06-14;530;0,60
2014-06-15;531;0,21
2014-06-16;532;0,20
2014-06-17;533;0,25
2014-06-18;534;0,20
2014-06-19;535;0,33
2014-06-20;536;0,36
2014-06-21;537;0,35
2014-06-22;538;0,75
2014-06-23;539;0,63
2014-06-24;540;0,65
2014-06-25;541;0,62
2014-06-26;542;0,67
2014-06-27;543;0,78
2014-06-28;544;0,51
2014-06-29;545;0,67
2014-06-30;546;0,46
2014-07-01;547;0,24
2014-07-02;548;0,21
2014-07-03;549;0,26
2014-07-04;550;0,21
2014-07-05;551;0,98
2014-07-06;552;0,37
2014-07-07;553;0,47
2014-07-08;554;0,21
2014-07-09;555;1,13
2014-07-10;556;0,23
2014-07-11;557;0,10
2014-07-12;558;0,28
2014-07-13;559;0,25
2014-07-14;560;0,21
2014-07-15;561;0,26
2014-07-16;562;0,21
2014-07-17;563;0,96
2014-07-18;564;0,62
2014-07-19;565;1,01
2014-07-20;566;0,21
2014-07-21;567;0,34
2014-07-22;568;0,31
2014-07-23;569;0,19
2014-07-24;570;0,15
2014-07-25;571;0,12
2014-07-26;572;0,93
2014-07-27;573;0,62
2014-07-28;574;0,18
2014-07-29;575;0,16
2014-07-30;576;0,19
2014-07-31;577;0,25
2014-08-01;578;0,21
2014-08-02;579;0,10
2014-08-03;580;0,19
2014-08-04;581;0,24
2014-08-05;582;0,19
2014-08-06;583;0,19
2014-08-07;584;0,15
2014-08-08;585;0,22
2014-08-09;586;0,24
2014-08-10;587;0,25
2014-08-11;588;0,21
2014-08-12;589;0,10
2014-08-13;590;0,19
2014-08-14;591;0,25
2014-08-15;592;0,17
2014-08-16;593;0,17
2014-08-17;594;0,21
2014-08-18;595;0,21
2014-08-19;596;0,19
2014-08-20;597;0,19
2014-08-21;598;0,18
2014-08-22;599;0,22
2014-08-23;600;0,26
2014-08-24;601;0,25
2014-08-25;602;0,25
2014-08-26;603;0,10
2014-08-27;604;0,27
2014-08-28;605;0,36
2014-08-29;606;0,47
2014-08-30;607;0,36
2014-08-31;608;0,26
2014-09-01;609;0,34
2014-09-02;610;0,24
2014-09-03;611;0,25
2014-09-04;612;0,17
2014-09-05;613;0,17
2014-09-06;614;0,21
2014-09-07;615;0,21
2014-09-08;616;0,35
2014-09-09;617;0,27
2014-09-10;618;0,34
2014-09-11;619;0,22
2014-09-12;620;0,24
2014-09-13;621;0,25
2014-09-14;622;0,35
2014-09-15;623;0,96
2014-09-16;624;0,24
2014-09-17;625;0,09
2014-09-18;626;0,24
2014-09-19;627;0,19
2014-09-20;628;0,19
2014-09-21;629;0,15
2014-09-22;630;0,22
2014-09-23;631;0,24
2014-09-24;632;0,25
2014-09-25;633;0,21
2014-09-26;634;0,46
2014-09-27;635;0,19
2014-09-28;636;0,25
2014-09-29;637;0,17
2014-09-30;638;0,17
2014-10-01;639;0,09
2014-10-02;640;0,24
2014-10-03;641;0,19
2014-10-04;642;0,19
2014-10-05;643;0,27
2014-10-06;644;0,26
2014-10-07;645;0,24
2014-10-08;646;0,25
2014-10-09;647;0,21
2014-10-10;648;0,25
2014-10-11;649;0,28
2014-10-12;650;0,25
2014-10-13;651;0,30
2014-10-14;652;0,37
2014-10-15;653;0,21
2014-10-16;654;0,35
2014-10-17;655;0,28
2014-10-18;656;0,31
2014-10-19;657;0,34
2014-10-20;658;0,22
2014-10-21;659;0,24
2014-10-22;660;0,25
2014-10-23;661;0,29
2014-10-24;662;0,32
2014-10-25;663;0,30
2014-10-26;664;0,25
2014-10-27;665;0,26
2014-10-28;666;0,32
2014-10-29;667;0,29
2014-10-30;668;0,19
2014-10-31;669;0,19
2014-11-01;670;0,23
2014-11-02;671;0,22
2014-11-03;672;0,24
2014-11-04;673;0,25
2014-11-05;674;0,21
2014-11-06;675;0,26
2014-11-07;676;0,19
2014-11-08;677;0,24
2014-11-09;678;0,19
2014-11-10;679;0,19
2014-11-11;680;0,15
2014-11-12;681;0,22
2014-11-13;682;0,24
2014-11-14;683;0,25
2014-11-15;684;0,21
2014-11-16;685;0,10
2014-11-17;686;0,19
2014-11-18;687;0,25
2014-11-19;688;0,17
2014-11-20;689;0,17
2014-11-21;690;0,21
2014-11-22;691;0,21
2014-11-23;692;0,19
2014-11-24;693;0,19
2014-11-25;694;0,15
2014-11-26;695;0,22
2014-11-27;696;0,24
2014-11-28;697;0,25
2014-11-29;698;0,21
2014-11-30;699;0,10
2014-12-01;700;0,19
2014-12-02;701;0,25
2014-12-03;702;0,17
2014-12-04;703;0,21
2014-12-05;704;0,19
2014-12-06;705;0,19
2014-12-07;706;0,15
2014-12-08;707;0,22
2014-12-09;708;0,24
2014-12-10;709;0,25
2014-12-11;710;0,21
2014-12-12;711;0,10
2014-12-13;712;0,19
2014-12-14;713;0,11
2014-12-15;714;0,28
2014-12-16;715;0,21
2014-12-17;716;0,15
2014-12-18;717;0,15
2014-12-19;718;0,14
2014-12-20;719;0,26
2014-12-21;720;0,23
2014-12-22;721;0,30
2014-12-23;722;0,20
2014-12-24;723;0,20
2014-12-25;724;0,80
2014-12-26;725;1,00
2014-12-27;726;1,00
2014-12-28;727;0,30
2014-12-29;728;0,28
2014-12-30;729;0,51
2014-12-31;730;0,49
2015-01-01;731;0,13
2015-01-02;732;0,03
2015-01-03;733;0,03
2015-01-04;734;0,92
2015-01-05;735;0,59
2015-01-06;736;0,87
2015-01-07;737;0,22
2015-01-08;738;0,17
2015-01-09;739;0,21
2015-01-10;740;0,25
2015-01-11;741;0,21
2015-01-12;742;0,11
2015-01-13;743;0,21
2015-01-14;744;0,21
2015-01-15;745;0,28
2015-01-16;746;0,20
2015-01-17;747;0,17
2015-01-18;748;0,21
2015-01-19;749;1,00
2015-01-20;750;1,00
2015-01-21;751;0,31
2015-01-22;752;0,84
2015-01-23;753;0,56
2015-01-24;754;0,63
2015-01-25;755;0,56
2015-01-26;756;0,59
2015-01-27;757;0,53
2015-01-28;758;0,96
2015-01-29;759;0,84
2015-01-30;760;0,71
2015-01-31;761;0,63
2015-02-01;762;0,64
2015-02-02;763;0,58
2015-02-03;764;0,15
2015-02-04;765;0,36
2015-02-05;766;0,75
2015-02-06;767;0,62
2015-02-07;768;0,68
2015-02-08;769;0,60
2015-02-09;770;0,61
2015-02-10;771;0,60
2015-02-11;772;0,17
2015-02-12;773;0,17
2015-02-13;774;0,21
2015-02-14;775;0,21
2015-02-15;776;0,19
2015-02-16;777;0,19
2015-02-17;778;0,15
2015-02-18;779;0,22
2015-02-19;780;0,24
2015-02-20;781;0,25
2015-02-21;782;0,17
2015-02-22;783;0,21
2015-02-23;784;0,21
2015-02-24;785;0,19
2015-02-25;786;0,19
2015-02-26;787;0,15
2015-02-27;788;0,22
2015-02-28;789;0,24
2015-03-01;790;0,25
2015-03-02;791;0,15
2015-03-03;792;0,22
2015-03-04;793;0,24
2015-03-05;794;0,25
2015-03-06;795;0,23
2015-03-07;796;0,19
2015-03-08;797;0,28
2015-03-09;798;0,19
2015-03-10;799;0,23
2015-03-11;800;0,23
2015-03-12;801;0,19
2015-03-13;802;0,17
2015-03-14;803;0,21
2015-03-15;804;0,21
2015-03-16;805;0,19
2015-03-17;806;0,19
2015-03-18;807;0,15
2015-03-19;808;0,22
2015-03-20;809;0,24
2015-03-21;810;0,25
2015-03-22;811;0,21
2015-03-23;812;0,10
2015-03-24;813;0,19
2015-03-25;814;0,25
2015-03-26;815;0,17
2015-03-27;816;0,21
2015-03-28;817;0,21
2015-03-29;818;0,19
2015-03-30;819;0,25
2015-03-31;820;0,17
2015-04-01;821;0,10
2015-04-02;822;0,19
2015-04-03;823;0,25
2015-04-04;824;0,17
2015-04-05;825;0,21
2015-04-06;826;0,21
2015-04-07;827;0,19
2015-04-08;828;0,19
2015-04-09;829;0,21
2015-04-10;830;0,19
2015-04-11;831;0,19
2015-04-12;832;0,15
2015-04-13;833;0,22
2015-04-14;834;0,24
2015-04-15;835;0,25
2015-04-16;836;0,21
2015-04-17;837;0,10
2015-04-18;838;0,19
2015-04-19;839;0,25
2015-04-20;840;0,17
2015-04-21;841;0,21
2015-04-22;842;0,21
2015-04-23;843;0,19
2015-04-24;844;0,19
2015-04-25;845;0,15
2015-04-26;846;0,22
2015-04-27;847;0,24
2015-04-28;848;0,25
2015-04-29;849;0,25
2015-04-30;850;0,17
2015-05-01;851;0,21
2015-05-02;852;0,21
2015-05-03;853;0,19
2015-05-04;854;0,19
2015-05-05;855;0,15
2015-05-06;856;0,22
2015-05-07;857;0,24
2015-05-08;858;0,25
2015-05-09;859;0,22
2015-05-10;860;0,24
2015-05-11;861;0,25
2015-05-12;862;0,09
2015-05-13;863;0,10
2015-05-14;864;0,09
2015-05-15;865;0,09
2015-05-16;866;0,24
2015-05-17;867;0,19
2015-05-18;868;0,19
2015-05-19;869;0,15
2015-05-20;870;0,22
2015-05-21;871;0,24
2015-05-22;872;0,25
2015-05-23;873;0,21
2015-05-24;874;0,10
2015-05-25;875;0,19
2015-05-26;876;0,25
2015-05-27;877;0,17
2015-05-28;878;0,17
2015-05-29;879;0,09
2015-05-30;880;0,24
2015-05-31;881;0,19
2015-06-01;882;0,19
2015-06-02;883;0,15
2015-06-03;884;0,22
2015-06-04;885;0,24
2015-06-05;886;0,22
2015-06-06;887;0,24
2015-06-07;888;0,25
2015-06-08;889;0,21
2015-06-09;890;0,16
2015-06-10;891;0,19
2015-06-11;892;0,19
2015-06-12;893;0,15
2015-06-13;894;0,22
2015-06-14;895;0,24
2015-06-15;896;0,22
2015-06-16;897;0,24
2015-06-17;898;0,25
2015-06-18;899;0,17
2015-06-19;900;0,17
2015-06-20;901;0,09
2015-06-21;902;0,19
2015-06-22;903;0,25
2015-06-23;904;0,17
2015-06-24;905;0,17
2015-06-25;906;0,09
2015-06-26;907;0,24
2015-06-27;908;0,25
2015-06-28;909;0,17
2015-06-29;910;0,17
2015-06-30;911;0,09
2015-07-01;912;0,21
2015-07-02;913;0,10
2015-07-03;914;0,19
2015-07-04;915;0,24
2015-07-05;916;0,19
2015-07-06;917;0,19
2015-07-07;918;0,15
2015-07-08;919;0,14
2015-07-09;920;0,23
2015-07-10;921;0,23
2015-07-11;922;0,23
2015-07-12;923;0,24
2015-07-13;924;0,24
2015-07-14;925;0,25
2015-07-15;926;0,21
2015-07-16;927;0,21
2015-07-17;928;0,22
2015-07-18;929;0,22
2015-07-19;930;0,24
2015-07-20;931;0,25
2015-07-21;932;0,21
2015-07-22;933;0,10
2015-07-23;934;0,19
2015-07-24;935;0,25
2015-07-25;936;0,17
2015-07-26;937;0,17
2015-07-27;938;0,21
2015-07-28;939;0,21
2015-07-29;940;0,19
2015-07-30;941;0,19
2015-07-31;942;0,15
2015-08-01;943;0,22
2015-08-02;944;0,24
2015-08-03;945;0,25
2015-08-04;946;0,21
2015-08-05;947;0,10
2015-08-06;948;0,19
2015-08-07;949;0,25
2015-08-08;950;0,17
2015-08-09;951;0,21
2015-08-10;952;0,21
2015-08-11;953;0,19
2015-08-12;954;0,19
2015-08-13;955;0,15
2015-08-14;956;0,22
2015-08-15;957;0,24
2015-08-16;958;0,25
2015-08-17;959;0,21
2015-08-18;960;0,10
2015-08-19;961;0,19
2015-08-20;962;0,24
2015-08-21;963;0,19
2015-08-22;964;0,19
2015-08-23;965;0,15
2015-08-24;966;0,22
2015-08-25;967;0,24
2015-08-26;968;0,25
2015-08-27;969;0,21
2015-08-28;970;0,10
2015-08-29;971;0,24
2015-08-30;972;0,96
2015-08-31;973;0,25
2015-09-01;974;1,00
2015-09-02;975;0,35
2015-09-03;976;0,15
2015-09-04;977;0,22
2015-09-05;978;0,24
2015-09-06;979;0,25
2015-09-07;980;0,21
2015-09-08;981;0,29
2015-09-09;982;0,29
2015-09-10;983;0,35
2015-09-11;984;0,96
2015-09-12;985;0,24
2015-09-13;986;0,25
2015-09-14;987;0,05
2015-09-15;988;0,06
2015-09-16;989;0,05
2015-09-17;990;0,23
2015-09-18;991;0,23
2015-09-19;992;0,23
2015-09-20;993;0,23
2015-09-21;994;0,23
2015-09-22;995;0,27
2015-09-23;996;0,26
2015-09-24;997;0,21
2015-09-25;998;0,20
2015-09-26;999;0,28
2015-09-27;1000;0,26
2015-09-28;1001;0,20
2015-09-29;1002;0,25
2015-09-30;1003;0,27
2015-10-01;1004;0,26
2015-10-02;1005;0,27
2015-10-03;1006;0,80
2015-10-04;1007;0,25
2015-10-05;1008;1,00
2015-10-06;1009;0,35
2015-10-07;1010;0,96
2015-10-08;1011;0,24
2015-10-09;1012;0,09
2015-10-10;1013;0,24
2015-10-11;1014;0,19
2015-10-12;1015;0,19
2015-10-13;1016;0,15
2015-10-14;1017;0,22
2015-10-15;1018;0,24
2015-10-16;1019;0,25
2015-10-17;1020;0,21
2015-10-18;1021;0,10
2015-10-19;1022;0,19
2015-10-20;1023;0,25
2015-10-21;1024;0,17
2015-10-22;1025;0,17
2015-10-23;1026;0,21
2015-10-24;1027;0,21
2015-10-25;1028;0,19
2015-10-26;1029;0,19
2015-10-27;1030;0,15
2015-10-28;1031;0,22
2015-10-29;1032;0,24
2015-10-30;1033;0,25
2015-10-31;1034;0,12
2015-11-01;1035;0,23
2015-11-02;1036;0,24
2015-11-03;1037;0,15
2015-11-04;1038;0,17
2015-11-05;1039;0,21
2015-11-06;1040;0,21
2015-11-07;1041;0,19
2015-11-08;1042;0,19
2015-11-09;1043;0,21
2015-11-10;1044;0,14
2015-11-11;1045;0,24
2015-11-12;1046;0,24
2015-11-13;1047;0,21
2015-11-14;1048;0,23
2015-11-15;1049;0,23
2015-11-16;1050;0,23
2015-11-17;1051;0,23
2015-11-18;1052;0,23
2015-11-19;1053;0,23
2015-11-20;1054;0,23
2015-11-21;1055;0,23
2015-11-22;1056;0,23
2015-11-23;1057;0,23
2015-11-24;1058;0,23
2015-11-25;1059;0,23
2015-11-26;1060;0,23
2015-11-27;1061;0,23
2015-11-28;1062;0,23
2015-11-29;1063;0,23
2015-11-30;1064;0,25
2015-12-01;1065;0,17
2015-12-02;1066;0,21
2015-12-03;1067;0,21
2015-12-04;1068;0,19
2015-12-05;1069;0,20
2015-12-06;1070;0,15
2015-12-07;1071;0,23
2015-12-08;1072;0,24
2015-12-09;1073;0,25
2015-12-10;1074;0,22
2015-12-11;1075;0,24
2015-12-12;1076;0,25
2015-12-13;1077;0,35
2015-12-14;1078;0,41
2015-12-15;1079;0,24
2015-12-16;1080;0,09
2015-12-17;1081;0,24
2015-12-18;1082;0,19
2015-12-19;1083;0,19
2015-12-20;1084;0,15
2015-12-21;1085;0,22
2015-12-22;1086;0,24
2015-12-23;1087;0,19
2015-12-24;1088;0,19
2015-12-25;1089;0,15
2015-12-26;1090;0,22
2015-12-27;1091;0,27
2015-12-28;1092;0,17
2015-12-29;1093;0,17
2015-12-30;1094;0,09
2015-12-31;1095;0,24
2016-01-01;1096;0,20
2016-01-02;1097;0,20
2016-01-03;1098;0,20
2016-01-04;1099;0,19
2016-01-05;1100;0,13
2016-01-06;1101;0,10
2016-01-07;1102;0,10
2016-01-08;1103;0,10
2016-01-09;1104;0,13
2016-01-10;1105;0,06
2016-01-11;1106;0,10
2016-01-12;1107;0,09
2016-01-13;1108;0,15
2016-01-14;1109;0,05
2016-01-15;1110;0,16
2016-01-16;1111;0,10
2016-01-17;1112;0,06
2016-01-18;1113;0,10
2016-01-19;1114;0,12
2016-01-20;1115;0,20
2016-01-21;1116;0,20
2016-01-22;1117;0,14
2016-01-23;1118;0,13
2016-01-24;1119;0,16
2016-01-25;1120;0,20
2016-01-26;1121;0,20
2016-01-27;1122;0,20
2016-01-28;1123;0,13
2016-01-29;1124;0,11
2016-01-30;1125;0,16
2016-01-31;1126;0,34
2016-02-01;1127;0,50
2016-02-02;1128;0,50
2016-02-03;1129;0,43
2016-02-04;1130;0,25
2016-02-05;1131;0,20
2016-02-06;1132;0,10
2016-02-07;1133;0,10
2016-02-08;1134;0,13
2016-02-09;1135;0,30
2016-02-10;1136;0,38
2016-02-11;1137;0,60
2016-02-12;1138;0,60
2016-02-13;1139;0,29
2016-02-14;1140;0,12
2016-02-15;1141;0,10
2016-02-16;1142;0,10
2016-02-17;1143;0,10
2016-02-18;1144;0,13
2016-02-19;1145;0,20
2016-02-20;1146;0,12
2016-02-21;1147;0,16
2016-02-22;1148;0,28
2016-02-23;1149;0,30
2016-02-24;1150;0,30
2016-02-25;1151;0,37
2016-02-26;1152;0,43
2016-02-27;1153;0,40
2016-02-28;1154;0,40
2016-02-29;1155;0,48
2016-03-01;1156;0,48
2016-03-02;1157;0,23
2016-03-03;1158;0,31
2016-03-04;1159;0,24
2016-03-05;1160;0,20
2016-03-06;1161;0,17
2016-03-07;1162;0,10
2016-03-08;1163;0,10
2016-03-09;1164;0,10
2016-03-10;1165;0,10
2016-03-11;1166;0,10
2016-03-12;1167;0,23
2016-03-13;1168;0,23
2016-03-14;1169;0,23
2016-03-15;1170;0,23
2016-03-16;1171;0,14
2016-03-17;1172;0,20
2016-03-18;1173;0,20
2016-03-19;1174;0,12
2016-03-20;1175;0,10
2016-03-21;1176;0,23
2016-03-22;1177;0,11
2016-03-23;1178;0,07
2016-03-24;1179;0,20
2016-03-25;1180;0,14
2016-03-26;1181;0,10
2016-03-27;1182;0,07
2016-03-28;1183;0,10
2016-03-29;1184;0,10
2016-03-30;1185;0,10
2016-03-31;1186;0,10
2016-04-01;1187;0,10
2016-04-02;1188;0,12
2016-04-03;1189;0,10
2016-04-04;1190;0,10
2016-04-05;1191;0,07
2016-04-06;1192;0,10
2016-04-07;1193;0,03
2016-04-08;1194;0,10
2016-04-09;1195;0,05
2016-04-10;1196;0,06
2016-04-11;1197;0,05
2016-04-12;1198;0,08
2016-04-13;1199;0,16
2016-04-14;1200;0,18
2016-04-15;1201;0,20
2016-04-16;1202;0,20
2016-04-17;1203;0,12
2016-04-18;1204;0,10
2016-04-19;1205;0,10
2016-04-20;1206;0,09
2016-04-21;1207;0,03
2016-04-22;1208;0,05
2016-04-23;1209;0,08
2016-04-24;1210;0,10
2016-04-25;1211;0,01
2016-04-26;1212;0,16
2016-04-27;1213;0,20
2016-04-28;1214;0,20
2016-04-29;1215;0,15
2016-04-30;1216;0,10
2016-05-01;1217;0,10
2016-05-02;1218;0,10
2016-05-03;1219;0,10
2016-05-04;1220;0,10
2016-05-05;1221;0,10
2016-05-06;1222;0,10
2016-05-07;1223;0,09
2016-05-08;1224;0,06
2016-05-09;1225;0,10
2016-05-10;1226;0,10
2016-05-11;1227;0,10
2016-05-12;1228;0,02
2016-05-13;1229;0,16
2016-05-14;1230;0,12
2016-05-15;1231;0,28
2016-05-16;1232;0,30
2016-05-17;1233;0,27
2016-05-18;1234;0,20
2016-05-19;1235;0,20
2016-05-20;1236;0,20
2016-05-21;1237;0,20
2016-05-22;1238;0,20
2016-05-23;1239;0,20
2016-05-24;1240;0,10
2016-05-25;1241;0,01
2016-05-26;1242;0,03
2016-05-27;1243;0,03
2016-05-28;1244;0,09
2016-05-29;1245;0,10
2016-05-30;1246;0,10
2016-05-31;1247;0,11
2016-06-01;1248;0,12
2016-06-02;1249;0,10
2016-06-03;1250;0,10
2016-06-04;1251;0,18
2016-06-05;1252;0,20
2016-06-06;1253;0,20
2016-06-07;1254;0,17
2016-06-08;1255;0,10
2016-06-09;1256;0,03
2016-06-10;1257;0,06
2016-06-11;1258;0,10
2016-06-12;1259;0,15
2016-06-13;1260;0,19
2016-06-14;1261;0,16
2016-06-15;1262;0,20
2016-06-16;1263;0,28
2016-06-17;1264;0,20
2016-06-18;1265;0,24
2016-06-19;1266;0,24
2016-06-20;1267;0,20
2016-06-21;1268;0,20
2016-06-22;1269;0,20
2016-06-23;1270;0,20
2016-06-24;1271;0,20
2016-06-25;1272;0,20
2016-06-26;1273;0,20
2016-06-27;1274;0,11
2016-06-28;1275;0,10
2016-06-29;1276;0,18
2016-06-30;1277;0,20
2016-07-01;1278;0,30
2016-07-02;1279;0,30
2016-07-03;1280;0,30
2016-07-04;1281;0,30
2016-07-05;1282;0,30
2016-07-06;1283;0,24
2016-07-07;1284;0,20
2016-07-08;1285;0,30
2016-07-09;1286;0,30
2016-07-10;1287;0,30
2016-07-11;1288;0,30
2016-07-12;1289;0,29
2016-07-13;1290;0,19
2016-07-14;1291;0,10
2016-07-15;1292;0,10
2016-07-16;1293;0,16
2016-07-17;1294;0,28
2016-07-18;1295;0,39
2016-07-19;1296;0,30
2016-07-20;1297;0,25
2016-07-21;1298;0,24
2016-07-22;1299;0,28
2016-07-23;1300;0,20
2016-07-24;1301;0,16
2016-07-25;1302;0,10
2016-07-26;1303;0,10
2016-07-27;1304;0,10
2016-07-28;1305;0,10
2016-07-29;1306;0,15
2016-07-30;1307;0,23
2016-07-31;1308;0,26
2016-08-01;1309;0,30
2016-08-02;1310;0,23
2016-08-03;1311;0,23
2016-08-04;1312;0,23
2016-08-05;1313;0,23
2016-08-06;1314;0,23
2016-08-07;1315;0,23
2016-08-08;1316;0,23
2016-08-09;1317;0,23
2016-08-10;1318;0,23
2016-08-11;1319;0,23
2016-08-12;1320;0,23
2016-08-13;1321;0,23
2016-08-14;1322;0,23
2016-08-15;1323;0,15
2016-08-16;1324;0,10
2016-08-17;1325;0,20
2016-08-18;1326;0,25
2016-08-19;1327;0,20
2016-08-20;1328;0,18
2016-08-21;1329;0,18
2016-08-22;1330;0,19
2016-08-23;1331;0,20
2016-08-24;1332;0,23
2016-08-25;1333;0,10
2016-08-26;1334;0,07
2016-08-27;1335;0,13
2016-08-28;1336;0,10
2016-08-29;1337;0,23
2016-08-30;1338;0,23
2016-08-31;1339;0,11
2016-09-01;1340;0,20
2016-09-02;1341;0,20
2016-09-03;1342;0,20
2016-09-04;1343;0,20
2016-09-05;1344;0,15
2016-09-06;1345;0,10
2016-09-07;1346;0,05
2016-09-08;1347;0,02
2016-09-09;1348;0,15
2016-09-10;1349;0,20
2016-09-11;1350;0,20
2016-09-12;1351;0,20
2016-09-13;1352;0,20
2016-09-14;1353;0,18
2016-09-15;1354;0,10
2016-09-16;1355;0,10
2016-09-17;1356;0,10
2016-09-18;1357;0,10
2016-09-19;1358;0,10
2016-09-20;1359;0,10
2016-09-21;1360;0,10
2016-09-22;1361;0,10
2016-09-23;1362;0,10
2016-09-24;1363;0,10
2016-09-25;1364;0,06
2016-09-26;1365;0,06
2016-09-27;1366;0,10
2016-09-28;1367;0,10
2016-09-29;1368;0,10
2016-09-30;1369;0,10
2016-10-01;1370;0,05
2016-10-02;1371;0,10
2016-10-03;1372;0,09
2016-10-04;1373;0,23
2016-10-05;1374;0,10
2016-10-06;1375;0,13
2016-10-07;1376;0,06
2016-10-08;1377;0,13
2016-10-09;1378;0,16
2016-10-10;1379;0,35
2016-10-11;1380;0,30
2016-10-12;1381;0,30
2016-10-13;1382;0,30
2016-10-14;1383;0,22
2016-10-15;1384;0,20
2016-10-16;1385;0,23
2016-10-17;1386;0,23
2016-10-18;1387;0,23
2016-10-19;1388;0,23
2016-10-20;1389;0,23
2016-10-21;1390;0,04
2016-10-22;1391;0,16
2016-10-23;1392;0,11
2016-10-24;1393;0,14
2016-10-25;1394;0,10
2016-10-26;1395;0,10
2016-10-27;1396;0,17
2016-10-28;1397;0,20
2016-10-29;1398;0,13
2016-10-30;1399;0,10
2016-10-31;1400;0,10
2016-11-01;1401;0,10
2016-11-02;1402;0,16
2016-11-03;1403;0,10
2016-11-04;1404;0,10
2016-11-05;1405;0,10
2016-11-06;1406;0,10
2016-11-07;1407;0,10
2016-11-08;1408;0,10
2016-11-09;1409;0,10
2016-11-10;1410;0,02
2016-11-11;1411;0,11
2016-11-12;1412;0,08
2016-11-13;1413;0,08
2016-11-14;1414;0,04
2016-11-15;1415;0,04
2016-11-16;1416;0,10
2016-11-17;1417;0,10
2016-11-18;1418;0,10
2016-11-19;1419;0,06
2016-11-20;1420;0,03
2016-11-21;1421;0,03
2016-11-22;1422;0,10
2016-11-23;1423;0,10
2016-11-24;1424;0,10
2016-11-25;1425;0,10
2016-11-26;1426;0,10
2016-11-27;1427;0,10
2016-11-28;1428;0,10
2016-11-29;1429;0,08
2016-11-30;1430;0,08
2016-12-01;1431;0,19
2016-12-02;1432;0,11
2016-12-03;1433;0,20
2016-12-04;1434;0,30
2016-12-05;1435;0,39
2016-12-06;1436;0,55
2016-12-07;1437;0,33
2016-12-08;1438;0,33
2016-12-09;1439;0,30
2016-12-10;1440;0,21
2016-12-11;1441;0,15
2016-12-12;1442;0,18
2016-12-13;1443;0,18
2016-12-14;1444;0,10
2016-12-15;1445;0,12
2016-12-16;1446;0,31
2016-12-17;1447;0,40
2016-12-18;1448;0,33
2016-12-19;1449;0,54
2016-12-20;1450;0,66
2016-12-21;1451;0,75
2016-12-22;1452;0,83
2016-12-23;1453;0,80
2016-12-24;1454;0,73
2016-12-25;1455;0,47
2016-12-26;1456;0,40
2016-12-27;1457;0,32
2016-12-28;1458;0,45
2016-12-29;1459;0,38
2016-12-30;1460;0,44
2016-12-31;1461;0,35
2017-01-01;1462;0,25
2017-01-02;1463;0,20
2017-01-03;1464;0,16
2017-01-04;1465;0,26
2017-01-05;1466;0,35
2017-01-06;1467;0,30
2017-01-07;1468;0,20
2017-01-08;1469;0,10
2017-01-09;1470;0,10
2017-01-10;1471;0,10
2017-01-11;1472;0,20
2017-01-12;1473;0,29
2017-01-13;1474;0,41
2017-01-14;1475;0,37
2017-01-15;1476;0,37
2017-01-16;1477;0,36
2017-01-17;1478;0,10
2017-01-18;1479;0,33
2017-01-19;1480;0,30
2017-01-20;1481;0,23
2017-01-21;1482;0,25
2017-01-22;1483;0,15
2017-01-23;1484;0,10
2017-01-24;1485;0,10
2017-01-25;1486;0,10
2017-01-26;1487;0,25
2017-01-27;1488;0,43
2017-01-28;1489;0,31
2017-01-29;1490;0,84
2017-01-30;1491;0,56
2017-01-31;1492;0,63
2017-02-01;1493;0,56
2017-02-02;1494;0,59
2017-02-03;1495;0,53
2017-02-04;1496;0,96
2017-02-05;1497;0,84
2017-02-06;1498;0,71
2017-02-07;1499;0,63
2017-02-08;1500;0,64
2017-02-09;1501;0,58
2017-02-10;1502;0,15
2017-02-11;1503;0,36
2017-02-12;1504;0,75
2017-02-13;1505;0,41
2017-02-14;1506;0,44
2017-02-15;1507;0,33
2017-02-16;1508;0,33
2017-02-17;1509;0,37
2017-02-18;1510;0,33
2017-02-19;1511;0,43
2017-02-20;1512;0,56
2017-02-21;1513;0,38
2017-02-22;1514;0,22
2017-02-23;1515;0,20
2017-02-24;1516;0,32
2017-02-25;1517;0,45
2017-02-26;1518;0,34
2017-02-27;1519;0,22
2017-02-28;1520;0,20
2017-03-01;1521;0,32
2017-03-02;1522;0,45
2017-03-03;1523;0,34
2017-03-04;1524;0,22
2017-03-05;1525;0,20
2017-03-06;1526;0,34
2017-03-07;1527;0,22
2017-03-08;1528;0,07
2017-03-09;1529;0,10
2017-03-10;1530;0,03
2017-03-11;1531;0,10
2017-03-12;1532;0,05
2017-03-13;1533;0,06
2017-03-14;1534;0,05
2017-03-15;1535;0,08
2017-03-16;1536;0,16
2017-03-17;1537;0,21
2017-03-18;1538;0,19
2017-03-19;1539;0,19
2017-03-20;1540;0,15
2017-03-21;1541;0,07
2017-03-22;1542;0,10
2017-03-23;1543;0,03
2017-03-24;1544;0,10
2017-03-25;1545;0,05
2017-03-26;1546;0,06
2017-03-27;1547;0,05
2017-03-28;1548;0,08
2017-03-29;1549;0,16
2017-03-30;1550;0,22
2017-03-31;1551;0,20
2017-04-01;1552;0,20
2017-04-02;1553;0,20
2017-04-03;1554;0,20
2017-04-04;1555;0,20
2017-04-05;1556;0,20
2017-04-06;1557;0,20
2017-04-07;1558;0,20
2017-04-08;1559;0,20
2017-04-09;1560;0,20
2017-04-10;1561;0,20
2017-04-11;1562;0,20
2017-04-12;1563;0,20
2017-04-13;1564;0,20
2017-04-14;1565;0,20
2017-04-15;1566;0,33
2017-04-16;1567;0,31
2017-04-17;1568;0,36
2017-04-18;1569;0,29
2017-04-19;1570;0,26
2017-04-20;1571;0,23
2017-04-21;1572;0,21
2017-04-22;1573;0,21
2017-04-23;1574;0,22
2017-04-24;1575;0,28
2017-04-25;1576;0,45
2017-04-26;1577;0,34
2017-04-27;1578;0,22
2017-04-28;1579;0,17
2017-04-29;1580;0,21
2017-04-30;1581;0,21
2017-05-01;1582;0,19
2017-05-02;1583;0,25
2017-05-03;1584;0,17
2017-05-04;1585;0,21
2017-05-05;1586;0,21
2017-05-06;1587;0,19
2017-05-07;1588;0,25
2017-05-08;1589;0,17
2017-05-09;1590;0,21
2017-05-10;1591;0,21
2017-05-11;1592;0,19
2017-05-12;1593;0,25
2017-05-13;1594;0,19
2017-05-14;1595;0,25
2017-05-15;1596;0,33
2017-05-16;1597;0,19
2017-05-17;1598;0,25
2017-05-18;1599;0,20
2017-05-19;1600;0,21
2017-05-20;1601;0,21
2017-05-21;1602;0,19
2017-05-22;1603;0,19
2017-05-23;1604;0,15
2017-05-24;1605;0,20
2017-05-25;1606;0,33
2017-05-26;1607;0,33
2017-05-27;1608;0,22
2017-05-28;1609;0,20
2017-05-29;1610;0,32
2017-05-30;1611;0,45
2017-05-31;1612;0,20
2017-06-01;1613;0,09
2017-06-02;1614;0,15
2017-06-03;1615;0,34
2017-06-04;1616;0,56
2017-06-05;1617;0,60
2017-06-06;1618;0,60
2017-06-07;1619;0,60
2017-06-08;1620;0,70
2017-06-09;1621;0,60
2017-06-10;1622;0,70
2017-06-11;1623;0,75
2017-06-12;1624;0,80
2017-06-13;1625;0,85
2017-06-14;1626;0,85
2017-06-15;1627;0,79
2017-06-16;1628;0,66
2017-06-17;1629;0,55
2017-06-18;1630;0,40
2017-06-19;1631;0,30
2017-06-20;1632;0,15
2017-06-21;1633;0,22
2017-06-22;1634;0,24
2017-06-23;1635;0,22
2017-06-24;1636;0,24
2017-06-25;1637;0,25
2017-06-26;1638;0,17
2017-06-27;1639;0,22
2017-06-28;1640;0,24
2017-06-29;1641;0,25
2017-06-30;1642;0,17
2017-07-01;1643;0,22
2017-07-02;1644;0,24
2017-07-03;1645;0,25
2017-07-04;1646;0,17
2017-07-05;1647;0,22
2017-07-06;1648;0,24
1900-01-00;1649;0,25
1900-01-00;1650;0,17
1900-01-00;1651;0,26
1900-01-00;1652;0,17
2017-07-11;1653;0,30
2017-07-12;1654;0,30
2017-07-13;1655;0,30
2017-07-14;1656;0,30
2017-07-15;1657;0,30
2017-07-16;1658;0,32
2017-07-17;1659;0,31
2017-07-18;1660;0,31
2017-07-19;1661;0,31
2017-07-20;1662;0,23
2017-07-21;1663;0,26
2017-07-22;1664;0,24
2017-07-23;1665;0,21
2017-07-24;1666;0,21
2017-07-25;1667;0,19
2017-07-26;1668;0,19
2017-07-27;1669;0,15
2017-07-28;1670;0,22
2017-07-29;1671;0,20
2017-07-30;1672;0,21
2017-07-31;1673;0,21
2017-08-01;1674;0,19
2017-08-02;1675;0,19
2017-08-03;1676;0,15
2017-08-04;1677;0,23
2017-08-05;1678;0,21
2017-08-06;1679;0,21
2017-08-07;1680;0,19
2017-08-08;1681;0,19
2017-08-09;1682;0,15
2017-08-10;1683;0,22
2017-08-11;1684;0,20
2017-08-12;1685;0,20
2017-08-13;1686;0,20
2017-08-14;1687;0,20
2017-08-15;1688;0,20
2017-08-16;1689;0,20
2017-08-17;1690;0,20
2017-08-18;1691;0,20
2017-08-19;1692;0,22
2017-08-20;1693;0,22
2017-08-21;1694;0,19
2017-08-22;1695;0,19
2017-08-23;1696;0,16
2017-08-24;1697;0,19
2017-08-25;1698;0,19
2017-08-26;1699;0,16
2017-08-27;1700;0,20
2017-08-28;1701;0,20
2017-08-29;1702;0,23
2017-08-30;1703;0,40
2017-08-31;1704;0,50
2017-09-01;1705;0,58
2017-09-02;1706;0,67
2017-09-03;1707;0,57
2017-09-04;1708;0,47
2017-09-05;1709;0,40
2017-09-06;1710;0,48
2017-09-07;1711;0,50
2017-09-08;1712;0,50
2017-09-09;1713;0,47
2017-09-10;1714;0,59
2017-09-11;1715;0,69
2017-09-12;1716;0,62
2017-09-13;1717;0,58
2017-09-14;1718;0,47
2017-09-15;1719;0,35
2017-09-16;1720;0,15
2017-09-17;1721;0,60
2017-09-18;1722;0,59
2017-09-19;1723;0,49
2017-09-20;1724;0,50
2017-09-21;1725;0,48
2017-09-22;1726;0,38
2017-09-23;1727;0,40
2017-09-24;1728;0,37
2017-09-25;1729;0,36
2017-09-26;1730;0,30
2017-09-27;1731;0,30
2017-09-28;1732;0,30
2017-09-29;1733;0,23
2017-09-30;1734;0,10
2017-10-01;1735;0,21
2017-10-02;1736;0,20
2017-10-03;1737;0,13
2017-10-04;1738;0,10
2017-10-05;1739;0,13
2017-10-06;1740;0,10
2017-10-07;1741;0,14
2017-10-08;1742;0,17
2017-10-09;1743;0,14
2017-10-10;1744;0,20
2017-10-11;1745;0,15
2017-10-12;1746;0,16
2017-10-13;1747;0,37
2017-10-14;1748;0,40
2017-10-15;1749;0,40
2017-10-16;1750;0,36
2017-10-17;1751;0,30
2017-10-18;1752;0,30
2017-10-19;1753;0,21
2017-10-20;1754;0,11
2017-10-21;1755;0,07
2017-10-22;1756;0,10
2017-10-23;1757;0,07
2017-10-24;1758;0,06
2017-10-25;1759;0,13
2017-10-26;1760;0,10
2017-10-27;1761;0,08
2017-10-28;1762;0,03
2017-10-29;1763;0,06
2017-10-30;1764;0,10
2017-10-31;1765;0,10
2017-11-01;1766;0,10
2017-11-02;1767;0,16
2017-11-03;1768;0,10
2017-11-04;1769;0,07
2017-11-05;1770;0,08
2017-11-06;1771;0,10
2017-11-07;1772;0,05
2017-11-08;1773;0,17
2017-11-09;1774;0,10
2017-11-10;1775;0,22
2017-11-11;1776;0,30
2017-11-12;1777;0,29
2017-11-13;1778;0,18
2017-11-14;1779;0,10
2017-11-15;1780;0,02
2017-11-16;1781;0,10
2017-11-17;1782;0,15
2017-11-18;1783;0,13
2017-11-19;1784;0,10
2017-11-20;1785;0,09
2017-11-21;1786;0,21
2017-11-22;1787;0,26
2017-11-23;1788;0,16
2017-11-24;1789;0,17
2017-11-25;1790;0,38
2017-11-26;1791;0,35
2017-11-27;1792;0,58
2017-11-28;1793;0,69
2017-11-29;1794;0,45
2017-11-30;1795;0,27
2017-12-01;1796;0,53
2017-12-02;1797;0,60
2017-12-03;1798;0,46
2017-12-04;1799;0,32
2017-12-05;1800;0,20
2017-12-06;1801;0,20
2017-12-07;1802;0,20
2017-12-08;1803;0,19
2017-12-09;1804;0,08
2017-12-10;1805;0,28
2017-12-11;1806;0,24
2017-12-12;1807;0,20
2017-12-13;1808;0,20
2017-12-14;1809;0,26
2017-12-15;1810;0,39
2017-12-16;1811;0,45
2017-12-17;1812;0,64
2017-12-18;1813;0,64
2017-12-19;1814;0,53
2017-12-20;1815;0,73
2017-12-21;1816;0,85
2017-12-22;1817;0,83
2017-12-23;1818;0,62
2017-12-24;1819;0,50
2017-12-25;1820;0,40
2017-12-26;1821;0,61
2017-12-27;1822;0,74
2017-12-28;1823;0,48
2017-12-29;1824;0,31
2017-12-30;1825;0,20
2017-12-31;1826;0,11
2018-01-01;1827;0,10
2018-01-02;1828;0,10
2018-01-03;1829;0,18
2018-01-04;1830;0,10
2018-01-05;1831;0,05
2018-01-06;1832;0,06
2018-01-07;1833;0,19
2018-01-08;1834;0,20
2018-01-09;1835;0,10
2018-01-10;1836;0,23
2018-01-11;1837;0,60
2018-01-12;1838;0,63
2018-01-13;1839;0,64
2018-01-14;1840;0,78
2018-01-15;1841;0,72
2018-01-16;1842;0,63
2018-01-17;1843;0,46
2018-01-18;1844;0,50
2018-01-19;1845;0,50
2018-01-20;1846;0,60
2018-01-21;1847;0,62
2018-01-22;1848;0,67
2018-01-23;1849;0,59
2018-01-24;1850;0,43
2018-01-25;1851;0,54
2018-01-26;1852;0,75
2018-01-27;1853;0,70
2018-01-28;1854;0,70
2018-01-29;1855;0,70
2018-01-30;1856;0,70
2018-01-31;1857;0,66
2018-02-01;1858;0,51
2018-02-02;1859;0,50
2018-02-03;1860;0,41
2018-02-04;1861;0,43
2018-02-05;1862;0,51
2018-02-06;1863;0,50
2018-02-07;1864;0,58
2018-02-08;1865;0,60
2018-02-09;1866;0,58
2018-02-10;1867;0,54
2018-02-11;1868;0,52
2018-02-12;1869;0,51
2018-02-13;1870;0,68
2018-02-14;1871;0,80
2018-02-15;1872;0,80
2018-02-16;1873;0,73
2018-02-17;1874;0,55
2018-02-18;1875;0,41
2018-02-19;1876;0,23
2018-02-20;1877;0,23
2018-02-21;1878;0,23
2018-02-22;1879;0,23
2018-02-23;1880;0,23
2018-02-24;1881;0,23
2018-02-25;1882;0,23
2018-02-26;1883;0,23
2018-02-27;1884;0,23
2018-02-28;1885;0,23
2018-03-01;1886;0,23
2018-03-02;1887;0,23
2018-03-03;1888;0,23
2018-03-04;1889;0,03
2018-03-05;1890;0,04
2018-03-06;1891;0,05
2018-03-07;1892;0,05
2018-03-08;1893;0,15
2018-03-09;1894;0,22
2018-03-10;1895;0,13
2018-03-11;1896;0,18
2018-03-12;1897;0,20
2018-03-13;1898;0,29
2018-03-14;1899;0,44
2018-03-15;1900;0,28
2018-03-16;1901;0,13
2018-03-17;1902;0,10
2018-03-18;1903;0,01
2018-03-19;1904;0,02
2018-03-20;1905;0,03
2018-03-21;1906;0,15
2018-03-22;1907;0,20
2018-03-23;1908;0,13
2018-03-24;1909;0,18
2018-03-25;1910;0,20
2018-03-26;1911;0,30
2018-03-27;1912;0,44
2018-03-28;1913;0,28
2018-03-29;1914;0,13
2018-03-30;1915;0,10
2018-03-31;1916;0,10
2018-04-01;1917;0,10
2018-04-02;1918;0,16
2018-04-03;1919;0,34
2018-04-04;1920;0,58
2018-04-05;1921;0,42
2018-04-06;1922;0,16
2018-04-07;1923;0,11
2018-04-08;1924;0,34
2018-04-09;1925;0,43
2018-04-10;1926;0,23
2018-04-11;1927;0,10
2018-04-12;1928;0,13
2018-04-13;1929;0,33
2018-04-14;1930;0,30
2018-04-15;1931;0,18
2018-04-16;1932;0,10
2018-04-17;1933;0,10
2018-04-18;1934;0,08
2018-04-19;1935;0,10
2018-04-20;1936;0,08
2018-04-21;1937;0,07
2018-04-22;1938;0,04
2018-04-23;1939;0,12
2018-04-24;1940;0,10
2018-04-25;1941;0,05
2018-04-26;1942;0,05
2018-04-27;1943;0,09
2018-04-28;1944;0,04
2018-04-29;1945;0,06
2018-04-30;1946;0,10
2018-05-01;1947;0,10
2018-05-02;1948;0,10
2018-05-03;1949;0,10
2018-05-04;1950;0,10
2018-05-05;1951;0,07
2018-05-06;1952;0,04
2018-05-07;1953;0,06
2018-05-08;1954;0,18
2018-05-09;1955;0,20
2018-05-10;1956;0,20
2018-05-11;1957;0,20
2018-05-12;1958;0,19
2018-05-13;1959;0,10
2018-05-14;1960;0,10
2018-05-15;1961;0,17
2018-05-16;1962;0,14
2018-05-17;1963;0,03
2018-05-18;1964;0,08
2018-05-19;1965;0,19
2018-05-20;1966;0,20
2018-05-21;1967;0,20
2018-05-22;1968;0,20
2018-05-23;1969;0,20
2018-05-24;1970;0,20
2018-05-25;1971;0,20
2018-05-26;1972;0,20
2018-05-27;1973;0,20
2018-05-28;1974;0,10
2018-05-29;1975;0,20
2018-05-30;1976;0,27
2018-05-31;1977;0,27
2018-06-01;1978;0,21
2018-06-02;1979;0,30
2018-06-03;1980;0,28
2018-06-04;1981;0,15
2018-06-05;1982;0,05
2018-06-06;1983;0,20
2018-06-07;1984;0,30
2018-06-08;1985;0,30
2018-06-09;1986;0,30
2018-06-10;1987;0,30
2018-06-11;1988;0,22
2018-06-12;1989;0,26
2018-06-13;1990;0,30
2018-06-14;1991;0,30
2018-06-15;1992;0,30
2018-06-16;1993;0,21
2018-06-17;1994;0,29
2018-06-18;1995;0,30
2018-06-19;1996;0,30
2018-06-20;1997;0,25
2018-06-21;1998;0,15
2018-06-22;1999;0,10
2018-06-23;2000;0,13
2018-06-24;2001;0,10
2018-06-25;2002;0,19
2018-06-26;2003;0,20
2018-06-27;2004;0,20
2018-06-28;2005;0,13
2018-06-29;2006;0,02
2018-06-30;2007;0,08
2018-07-01;2008;0,09
2018-07-02;2009;0,21
2018-07-03;2010;0,30
2018-07-04;2011;0,21
2018-07-05;2012;0,23
2018-07-06;2013;0,12
2018-07-07;2014;0,20
2018-07-08;2015;0,20
2018-07-09;2016;0,24
2018-07-10;2017;0,20
2018-07-11;2018;0,20
2018-07-12;2019;0,27
2018-07-13;2020;0,32
2018-07-14;2021;0,30
2018-07-15;2022;0,30
2018-07-16;2023;0,23
2018-07-17;2024;0,23
2018-07-18;2025;0,29
2018-07-19;2026;0,30
2018-07-20;2027;0,30
2018-07-21;2028;0,26
2018-07-22;2029;0,20
2018-07-23;2030;0,20
2018-07-24;2031;0,26
2018-07-25;2032;0,30
2018-07-26;2033;0,23
2018-07-27;2034;0,20
2018-07-28;2035;0,20
2018-07-29;2036;0,18
2018-07-30;2037;0,10
2018-07-31;2038;0,10
2018-08-01;2039;0,10
2018-08-02;2040;0,16
2018-08-03;2041;0,20
2018-08-04;2042;0,20
2018-08-05;2043;0,20
2018-08-06;2044;0,20
2018-08-07;2045;0,20
2018-08-08;2046;0,20
2018-08-09;2047;0,20
2018-08-10;2048;0,20
2018-08-11;2049;0,17
2018-08-12;2050;0,09
2018-08-13;2051;0,05
2018-08-14;2052;0,26
2018-08-15;2053;0,24
2018-08-16;2054;0,25
2018-08-17;2055;0,20
2018-08-18;2056;0,18
2018-08-19;2057;0,08
2018-08-20;2058;0,10
2018-08-21;2059;0,08
2018-08-22;2060;0,02
2018-08-23;2061;0,09
2018-08-24;2062;0,10
2018-08-25;2063;0,15
2018-08-26;2064;0,16
2018-08-27;2065;0,15
2018-08-28;2066;0,10
2018-08-29;2067;0,25
2018-08-30;2068;0,30
2018-08-31;2069;0,28
2018-09-01;2070;0,17
2018-09-02;2071;0,16
2018-09-03;2072;0,20
2018-09-04;2073;0,20
2018-09-05;2074;0,20
2018-09-06;2075;0,14
2018-09-07;2076;0,19
2018-09-08;2077;0,10
2018-09-09;2078;0,11
2018-09-10;2079;0,08
2018-09-11;2080;0,10
2018-09-12;2081;0,10
2018-09-13;2082;0,02
2018-09-14;2083;0,10
2018-09-15;2084;0,10
2018-09-16;2085;0,06
2018-09-17;2086;0,06
2018-09-18;2087;0,10
2018-09-19;2088;0,02
2018-09-20;2089;0,07
2018-09-21;2090;0,02
2018-09-22;2091;0,09
2018-09-23;2092;0,08
2018-09-24;2093;0,10
2018-09-25;2094;0,23
2018-09-26;2095;0,23
2018-09-27;2096;0,23
2018-09-28;2097;0,23
2018-09-29;2098;0,23
2018-09-30;2099;0,23
2018-10-01;2100;0,20
2018-10-02;2101;0,12
2018-10-03;2102;0,14
2018-10-04;2103;0,10
2018-10-05;2104;0,09
2018-10-06;2105;0,09
2018-10-07;2106;0,15
2018-10-08;2107;0,18
2018-10-09;2108;0,15
2018-10-10;2109;0,11
2018-10-11;2110;0,14
2018-10-12;2111;0,13
2018-10-13;2112;0,10
2018-10-14;2113;0,10
2018-10-15;2114;0,10
2018-10-16;2115;0,10
2018-10-17;2116;0,10
2018-10-18;2117;0,03
2018-10-19;2118;0,02
2018-10-20;2119;0,06
2018-10-21;2120;0,20
2018-10-22;2121;0,18
2018-10-23;2122;0,08
2018-10-24;2123;0,04
2018-10-25;2124;0,20
2018-10-26;2125;0,12
2018-10-27;2126;0,10
2018-10-28;2127;0,15
2018-10-29;2128;0,10
2018-10-30;2129;0,10
2018-10-31;2130;0,10
2018-11-01;2131;0,10
2018-11-02;2132;0,10
2018-11-03;2133;0,10
2018-11-04;2134;0,10
2018-11-05;2135;0,10
2018-11-06;2136;0,03
2018-11-07;2137;0,04
2018-11-08;2138;0,04
2018-11-09;2139;0,04
2018-11-10;2140;0,03
2018-11-11;2141;0,07
2018-11-12;2142;0,05
2018-11-13;2143;0,06
2018-11-14;2144;0,08
2018-11-15;2145;0,04
2018-11-16;2146;0,14
2018-11-17;2147;0,16
2018-11-18;2148;0,16
2018-11-19;2149;0,20
2018-11-20;2150;0,10
2018-11-21;2151;0,01
2018-11-22;2152;0,08
2018-11-23;2153;0,10
2018-11-24;2154;0,06
2018-11-25;2155;0,09
2018-11-26;2156;0,10
2018-11-27;2157;0,16
2018-11-28;2158;0,20
2018-11-29;2159;0,12
2018-11-30;2160;0,10
2018-12-01;2161;0,07
2018-12-02;2162;0,05
2018-12-03;2163;0,07
2018-12-04;2164;0,05
2018-12-05;2165;0,05
2018-12-06;2166;0,05
2018-12-07;2167;0,10
2018-12-08;2168;0,06
2018-12-09;2169;0,13
2018-12-10;2170;0,09
2018-12-11;2171;0,11
2018-12-12;2172;0,06
2018-12-13;2173;0,07
2018-12-14;2174;0,04
2018-12-15;2175;0,04
2018-12-16;2176;0,04
2018-12-17;2177;0,04
2018-12-18;2178;0,04
2018-12-19;2179;0,07
2018-12-20;2180;0,05
2018-12-21;2181;0,03
2018-12-22;2182;0,02
2018-12-23;2183;0,08
2018-12-24;2184;0,10
2018-12-25;2185;0,08
2018-12-26;2186;0,08
2018-12-27;2187;0,08
2018-12-28;2188;0,08
2018-12-29;2189;0,09
2018-12-30;2190;0,10
2018-12-31;2191;0,10
2019-01-01;2192;0,10
2019-01-02;2193;0,10
2019-01-03;2194;0,13
2019-01-04;2195;0,18
2019-01-05;2196;0,10
2019-01-06;2197;0,07
2019-01-07;2198;0,10
2019-01-08;2199;0,13
2019-01-09;2200;0,15
2019-01-10;2201;0,30
2019-01-11;2202;0,25
2019-01-12;2203;0,20
2019-01-13;2204;0,18
2019-01-14;2205;0,20
2019-01-15;2206;0,26
2019-01-16;2207;0,33
2019-01-17;2208;0,45
2019-01-18;2209;0,70
2019-01-19;2210;0,80
2019-01-20;2211;0,86
2019-01-21;2212;0,75
2019-01-22;2213;0,65
2019-01-23;2214;0,52
2019-01-24;2215;0,38
2019-01-25;2216;0,21
2019-01-26;2217;0,10
2019-01-27;2218;0,10
2019-01-28;2219;0,10
2019-01-29;2220;0,10
2019-01-30;2221;0,10
2019-01-31;2222;0,10
2019-02-01;2223;0,10
2019-02-02;2224;0,20
2019-02-03;2225;0,44
2019-02-04;2226;0,64
2019-02-05;2227;0,68
2019-02-06;2228;0,50
2019-02-07;2229;0,34
2019-02-08;2230;0,31
2019-02-09;2231;0,44
2019-02-10;2232;0,70
2019-02-11;2233;0,78
2019-02-12;2234;0,61
2019-02-13;2235;0,64
2019-02-14;2236;0,78
2019-02-15;2237;0,70
2019-02-16;2238;0,80
2019-02-17;2239;0,57
2019-02-18;2240;0,33
2019-02-19;2241;0,30
2019-02-20;2242;0,25
2019-02-21;2243;0,20
2019-02-22;2244;0,11
2019-02-23;2245;0,17
2019-02-24;2246;0,33
2019-02-25;2247;0,36
2019-02-26;2248;0,13
2019-02-27;2249;0,15
2019-02-28;2250;0,20
2019-03-01;2251;0,10
2019-03-02;2252;0,05
2019-03-03;2253;0,13
2019-03-04;2254;0,12
2019-03-05;2255;0,17
2019-03-06;2256;0,39
2019-03-07;2257;0,41
2019-03-08;2258;0,10
2019-03-09;2259;0,10
2019-03-10;2260;0,02
2019-03-11;2261;0,10
2019-03-12;2262;0,05
2019-03-13;2263;0,16
2019-03-14;2264;0,12
2019-03-15;2265;0,15
2019-03-16;2266;0,33
2019-03-17;2267;0,42
2019-03-18;2268;0,15
2019-03-19;2269;0,40
2019-03-20;2270;0,47
2019-03-21;2271;0,40
2019-03-22;2272;0,40
2019-03-23;2273;0,42
2019-03-24;2274;0,35
2019-03-25;2275;0,28
2019-03-26;2276;0,14
2019-03-27;2277;0,03
2019-03-28;2278;0,04
2019-03-29;2279;0,07
2019-03-30;2280;0,05
2019-03-31;2281;0,04
2019-04-01;2282;0,04
2019-04-02;2283;0,04
2019-04-03;2284;0,03
2019-04-04;2285;0,06
2019-04-05;2286;0,05
2019-04-06;2287;0,07
2019-04-07;2288;0,05
2019-04-08;2289;0,07
2019-04-09;2290;0,06
2019-04-10;2291;0,04
2019-04-11;2292;0,04
2019-04-12;2293;0,04
2019-04-13;2294;0,05
2019-04-14;2295;0,07
2019-04-15;2296;0,05
2019-04-16;2297;0,10
2019-04-17;2298;0,10
2019-04-18;2299;0,10
2019-04-19;2300;0,09
2019-04-20;2301;0,05
2019-04-21;2302;0,06
2019-04-22;2303;0,04
2019-04-23;2304;0,12
2019-04-24;2305;0,08
2019-04-25;2306;0,17
2019-04-26;2307;0,20
2019-04-27;2308;0,20
2019-04-28;2309;0,20
2019-04-29;2310;0,20
2019-04-30;2311;0,20
2019-05-01;2312;0,20
2019-05-02;2313;0,12
2019-05-03;2314;0,10
2019-05-04;2315;0,10
2019-05-05;2316;0,10
2019-05-06;2317;0,10
2019-05-07;2318;0,10
2019-05-08;2319;0,17
2019-05-09;2320;0,14
2019-05-10;2321;0,10
2019-05-11;2322;0,15
2019-05-12;2323;0,08
2019-05-13;2324;0,12
2019-05-14;2325;0,12
2019-05-15;2326;0,06
2019-05-16;2327;0,11
2019-05-17;2328;0,20
2019-05-18;2329;0,18
2019-05-19;2330;0,10
2019-05-20;2331;0,10
2019-05-21;2332;0,05
2019-05-22;2333;0,10
2019-05-23;2334;0,04
2019-05-24;2335;0,12
2019-05-25;2336;0,20
2019-05-26;2337;0,30
2019-05-27;2338;0,18
2019-05-28;2339;0,03
2019-05-29;2340;0,08
2019-05-30;2341;0,20
2019-05-31;2342;0,20
2019-06-01;2343;0,20
2019-06-02;2344;0,20
2019-06-03;2345;0,28
2019-06-04;2346;0,30
2019-06-05;2347;0,32
2019-06-06;2348;0,30
2019-06-07;2349;0,22
2019-06-08;2350;0,30
2019-06-09;2351;0,30
2019-06-10;2352;0,30
2019-06-11;2353;0,30
2019-06-12;2354;0,22
2019-06-13;2355;0,20
2019-06-14;2356;0,20
2019-06-15;2357;0,20
2019-06-16;2358;0,20
2019-06-17;2359;0,20
2019-06-18;2360;0,14
2019-06-19;2361;0,18
2019-06-20;2362;0,18
2019-06-21;2363;0,17
2019-06-22;2364;0,20
2019-06-23;2365;0,20
2019-06-24;2366;0,20
2019-06-25;2367;0,20
2019-06-26;2368;0,20
2019-06-27;2369;0,20
2019-06-28;2370;0,20
2019-06-29;2371;0,11
2019-06-30;2372;0,10
2019-07-01;2373;0,20
2019-07-02;2374;0,20
2019-07-03;2375;0,10
2019-07-04;2376;0,20
2019-07-05;2377;0,27
2019-07-06;2378;0,12
2019-07-07;2379;0,06
2019-07-08;2380;0,20
2019-07-09;2381;0,20
2019-07-10;2382;0,20
2019-07-11;2383;0,10
2019-07-12;2384;0,09
2019-07-13;2385;0,20
2019-07-14;2386;0,11
2019-07-15;2387;0,10
2019-07-16;2388;0,15
2019-07-17;2389;0,18
2019-07-18;2390;0,18
2019-07-19;2391;0,10
2019-07-20;2392;0,18
2019-07-21;2393;0,20
2019-07-22;2394;0,20
2019-07-23;2395;0,20
2019-07-24;2396;0,20
2019-07-25;2397;0,19
2019-07-26;2398;0,19
2019-07-27;2399;0,20
2019-07-28;2400;0,20
2019-07-29;2401;0,16
2019-07-30;2402;0,20
2019-07-31;2403;0,19
2019-08-01;2404;0,10
2019-08-02;2405;0,10
2019-08-03;2406;0,06
2019-08-04;2407;0,24
2019-08-05;2408;0,28
2019-08-06;2409;0,22
2019-08-07;2410;0,20
2019-08-08;2411;0,20
2019-08-09;2412;0,18
2019-08-10;2413;0,10
2019-08-11;2414;0,03
2019-08-12;2415;0,03
2019-08-13;2416;0,19
2019-08-14;2417;0,29
2019-08-15;2418;0,30
2019-08-16;2419;0,28
2019-08-17;2420;0,20
2019-08-18;2421;0,17
2019-08-19;2422;0,13
2019-08-20;2423;0,08
2019-08-21;2424;0,09
2019-08-22;2425;0,14
2019-08-23;2426;0,30
2019-08-24;2427;0,30
2019-08-25;2428;0,30
2019-08-26;2429;0,24
2019-08-27;2430;0,09
2019-08-28;2431;0,06
2019-08-29;2432;0,05
2019-08-30;2433;0,20
2019-08-31;2434;0,15
2019-09-01;2435;0,20
2019-09-02;2436;0,20
2019-09-03;2437;0,20
2019-09-04;2438;0,20
2019-09-05;2439;0,20
2019-09-06;2440;0,20
2019-09-07;2441;0,20
2019-09-08;2442;0,20
2019-09-09;2443;0,20
2019-09-10;2444;0,20
2019-09-11;2445;0,20
2019-09-12;2446;0,18
2019-09-13;2447;0,18
2019-09-14;2448;0,20
2019-09-15;2449;0,20
2019-09-16;2450;0,20
2019-09-17;2451;0,20
2019-09-18;2452;0,14
2019-09-19;2453;0,10
2019-09-20;2454;0,16
2019-09-21;2455;0,15
2019-09-22;2456;0,08
2019-09-23;2457;0,03
2019-09-24;2458;0,05
2019-09-25;2459;0,09
2019-09-26;2460;0,06
2019-09-27;2461;0,09
2019-09-28;2462;0,10
2019-09-29;2463;0,10
2019-09-30;2464;0,10
2019-10-01;2465;0,10
2019-10-02;2466;0,17
2019-10-03;2467;0,18
2019-10-04;2468;0,20
2019-10-05;2469;0,18
2019-10-06;2470;0,10
2019-10-07;2471;0,15
2019-10-08;2472;0,20
2019-10-09;2473;0,17
2019-10-10;2474;0,16
2019-10-11;2475;0,12
2019-10-12;2476;0,18
2019-10-13;2477;0,18
2019-10-14;2478;0,15
2019-10-15;2479;0,08
2019-10-16;2480;0,05
2019-10-17;2481;0,18
2019-10-18;2482;0,10
2019-10-19;2483;0,02
2019-10-20;2484;0,07
2019-10-21;2485;0,10
2019-10-22;2486;0,08
2019-10-23;2487;0,07
2019-10-24;2488;0,08
2019-10-25;2489;0,10
2019-10-26;2490;0,15
2019-10-27;2491;0,20
2019-10-28;2492;0,18
2019-10-29;2493;0,19
2019-10-30;2494;0,12
2019-10-31;2495;0,10
2019-11-01;2496;0,10
2019-11-02;2497;0,10
2019-11-03;2498;0,05
2019-11-04;2499;0,18
2019-11-05;2500;0,08
2019-11-06;2501;0,09
2019-11-07;2502;0,08
2019-11-08;2503;0,10
2019-11-09;2504;0,10
2019-11-10;2505;0,10
2019-11-11;2506;0,05
2019-11-12;2507;0,08
2019-11-13;2508;0,05
2019-11-14;2509;0,09
2019-11-15;2510;0,10
2019-11-16;2511;0,05
2019-11-17;2512;0,08
2019-11-18;2513;0,04
2019-11-19;2514;0,04
2019-11-20;2515;0,07
2019-11-21;2516;0,06
2019-11-22;2517;0,04
2019-11-23;2518;0,07
2019-11-24;2519;0,05
2019-11-25;2520;0,05
2019-11-26;2521;0,07
2019-11-27;2522;0,06
2019-11-28;2523;0,04
2019-11-29;2524;0,04
2019-11-30;2525;0,04
2019-12-01;2526;0,03
2019-12-02;2527;0,08
2019-12-03;2528;0,14
2019-12-04;2529;0,20
2019-12-05;2530;0,13
2019-12-06;2531;0,10
2019-12-07;2532;0,03
2019-12-08;2533;0,12
2019-12-09;2534;0,20
2019-12-10;2535;0,14
2019-12-11;2536;0,10
2019-12-12;2537;0,10
2019-12-13;2538;0,10
2019-12-14;2539;0,10
2019-12-15;2540;0,10
2019-12-16;2541;0,10
2019-12-17;2542;0,10
2019-12-18;2543;0,10
2019-12-19;2544;0,10
2019-12-20;2545;0,12
2019-12-21;2546;0,10
2019-12-22;2547;0,10
2019-12-23;2548;0,12
2019-12-24;2549;0,16
2019-12-25;2550;0,11
2019-12-26;2551;0,20
2019-12-27;2552;0,16
2019-12-28;2553;0,13
2019-12-29;2554;0,19
2019-12-30;2555;0,10
2019-12-31;2556;0,14
