tanggal;tinggi_gelombang;
01/01/2013;0,1;
02/01/2013;0,0892;
03/01/2013;0,0475;
04/01/2013;0,1371;
05/01/2013;0,1467;
06/01/2013;0,0475;
07/01/2013;0,185;
08/01/2013;0,1479;
09/01/2013;0,1113;
10/01/2013;0,0475;
11/01/2013;0,0946;
12/01/2013;0,1317;
13/01/2013;0,2625;
14/01/2013;0,2328;
15/01/2013;0,2328;
16/01/2013;0,2328;
17/01/2013;0,2328;
18/01/2013;0,1565;
19/01/2013;0,1375;
20/01/2013;0,1558;
21/01/2013;0,1108;
22/01/2013;0,0554;
23/01/2013;0,1075;
24/01/2013;0,2763;
25/01/2013;0,2067;
26/01/2013;0,0521;
27/01/2013;0,025;
28/01/2013;0,025;
29/01/2013;0,1875;
30/01/2013;0,2292;
31/01/2013;0,2958;
01/02/2013;0,2;
02/02/2013;0,2;
03/02/2013;0,125;
04/02/2013;0,1;
05/02/2013;0,1;
06/02/2013;0,0625;
07/02/2013;0,0167;
08/02/2013;0,1058;
09/02/2013;0,1058;
10/02/2013;0,1058;
11/02/2013;0,1058;
12/02/2013;0,1058;
13/02/2013;0,0917;
14/02/2013;0,1163;
15/02/2013;0,175;
16/02/2013;0,2183;
17/02/2013;0,1729;
18/02/2013;0,2133;
19/02/2013;0,2508;
20/02/2013;0,2117;
21/02/2013;0,1133;
22/02/2013;0,2133;
23/02/2013;0,2133;
24/02/2013;0,2792;
25/02/2013;0,2042;
26/02/2013;0,1729;
27/02/2013;0,2133;
28/02/2013;0,2133;
01/03/2013;0,2042;
02/03/2013;0,2792;
03/03/2013;0,1729;
04/03/2013;0,2133;
05/03/2013;0,2621;
06/03/2013;0,2133;
07/03/2013;0,1988;
08/03/2013;0,2792;
09/03/2013;0,2621;
10/03/2013;0,1988;
11/03/2013;0,2458;
12/03/2013;0,2725;
13/03/2013;0,2621;
14/03/2013;0,2683;
15/03/2013;0,125;
16/03/2013;0,2942;
17/03/2013;0,1;
18/03/2013;0,1;
19/03/2013;0,1525;
20/03/2013;0,2683;
21/03/2013;0,2942;
22/03/2013;0,2621;
23/03/2013;0,2833;
24/03/2013;0,2942;
25/03/2013;0,0367;
26/03/2013;0,0633;
27/03/2013;0,0317;
28/03/2013;0,2621;
29/03/2013;0,1988;
30/03/2013;0,2458;
31/03/2013;0,2725;
01/04/2013;0,2621;
02/04/2013;0,2042;
03/04/2013;0,2792;
04/04/2013;0,1729;
05/04/2013;0,2133;
06/04/2013;0,2621;
07/04/2013;0,2133;
08/04/2013;0,1988;
09/04/2013;0,2792;
10/04/2013;0,1988;
11/04/2013;0,2458;
12/04/2013;1;0
13/04/2013;0,1867;
14/04/2013;0,2533;
15/04/2013;0,1746;
16/04/2013;0,1746;
17/04/2013;0,2125;
18/04/2013;0,2458;
19/04/2013;0,0521;
20/04/2013;0,5;
21/04/2013;0,2;
22/04/2013;0,2;
23/04/2013;0,2958;
24/04/2013;0,2;
25/04/2013;0,1988;
26/04/2013;0,2458;
27/04/2013;0,2725;
28/04/2013;0,2621;
29/04/2013;0,0554;
30/04/2013;0,1075;
01/05/2013;0,2763;
02/05/2013;0,2067;
03/05/2013;0,0521;
04/05/2013;0,2067;
05/05/2013;0,2067;
06/05/2013;0,2;
07/05/2013;0,2292;
08/05/2013;0,2958;
09/05/2013;0,2;
10/05/2013;0,2;
11/05/2013;0,175;
12/05/2013;0,2067;
13/05/2013;0,2363;
14/05/2013;0,2408;
15/05/2013;0,2092;
16/05/2013;0,2533;
17/05/2013;0,2096;
18/05/2013;0,2421;
19/05/2013;0,2125;
20/05/2013;0,2125;
21/05/2013;0,2542;
22/05/2013;0,2221;
23/05/2013;0,1883;
24/05/2013;0,28;
25/05/2013;0,2688;
26/05/2013;0,2525;
27/05/2013;0,2538;
28/05/2013;0,2654;
29/05/2013;0,2638;
30/05/2013;0,2533;
31/05/2013;0,1746;
01/06/2013;0,2125;
02/06/2013;0,4167;
03/06/2013;0,2954;
04/06/2013;0,2954;
05/06/2013;0,3517;
06/06/2013;0,2954;
07/06/2013;0,4071;
08/06/2013;0,4508;
09/06/2013;0,3288;
10/06/2013;0,41;
11/06/2013;0,2125;
12/06/2013;0,3425;
13/06/2013;0,2954;
14/06/2013;0,2954;
15/06/2013;0,3071;
16/06/2013;0,3279;
17/06/2013;0,3208;
18/06/2013;0,2525;
19/06/2013;0,19;
20/06/2013;0,2609;
21/06/2013;0,3975;
22/06/2013;0,2725;
23/06/2013;0,3283;
24/06/2013;0,3325;
25/06/2013;0,5342;
26/06/2013;0,2458;
27/06/2013;1;0
28/06/2013;1;0
29/06/2013;0,79;
30/06/2013;0,2683;
01/07/2013;0,2458;
02/07/2013;0,2621;
03/07/2013;0,1988;
04/07/2013;0,2458;
05/07/2013;0,0367;
06/07/2013;1;0
07/07/2013;0,2175;
08/07/2013;0,2621;
09/07/2013;0,1988;
10/07/2013;0,2458;
11/07/2013;0,2725;
12/07/2013;0,2621;
13/07/2013;0,2042;
14/07/2013;0,2792;
15/07/2013;0,1729;
16/07/2013;0,2133;
17/07/2013;0,2621;
18/07/2013;0,2133;
19/07/2013;0,1988;
20/07/2013;0,2792;
21/07/2013;0,1988;
22/07/2013;0,2458;
23/07/2013;1;0
24/07/2013;0,1867;
25/07/2013;0,2533;
26/07/2013;0,1746;
27/07/2013;0,1746;
28/07/2013;0,2125;
29/07/2013;0,2458;
30/07/2013;0,1746;
31/07/2013;0,1546;
01/08/2013;0,225;
02/08/2013;0,2;
03/08/2013;0,2958;
04/08/2013;0,2;
05/08/2013;0,2571;
06/08/2013;0,2458;
07/08/2013;0,2725;
08/08/2013;0,2621;
09/08/2013;0,0554;
10/08/2013;0,235;
11/08/2013;0,2763;
12/08/2013;0,2067;
13/08/2013;0,1667;
14/08/2013;0,1588;
15/08/2013;0,145;
16/08/2013;0,2;
17/08/2013;0,2292;
18/08/2013;0,2271;
19/08/2013;0,2;
20/08/2013;0,2;
21/08/2013;0,35;
22/08/2013;1;0
23/08/2013;0,2067;
24/08/2013;0,1508;
25/08/2013;0,2217;
26/08/2013;0,2533;
27/08/2013;0,1746;
28/08/2013;0,1863;
29/08/2013;0,2125;
30/08/2013;0,2125;
31/08/2013;0,19;
01/09/2013;0,19;
02/09/2013;0,1508;
03/09/2013;0,2225;
04/09/2013;0,2367;
05/09/2013;0,2525;
06/09/2013;0,2067;
07/09/2013;0,1038;
08/09/2013;0,1867;
09/09/2013;0,2533;
10/09/2013;0,1746;
11/09/2013;0,2125;
12/09/2013;0,2125;
13/09/2013;0,19;
14/09/2013;0,19;
15/09/2013;0,1508;
16/09/2013;0,2225;
17/09/2013;0,2367;
18/09/2013;0,2525;
19/09/2013;0,2533;
20/09/2013;0,1746;
21/09/2013;0,2125;
22/09/2013;0,2125;
23/09/2013;0,19;
24/09/2013;0,1508;
25/09/2013;0,2225;
26/09/2013;0,2367;
27/09/2013;0,2525;
28/09/2013;0,2533;
29/09/2013;0,2237;
30/09/2013;0,2117;
01/10/2013;0,1133;
02/10/2013;0,2133;
03/10/2013;0,2133;
04/10/2013;0,2792;
05/10/2013;0,2042;
06/10/2013;0,1729;
07/10/2013;0,2133;
08/10/2013;0,2133;
09/10/2013;0,2042;
10/10/2013;0,2792;
11/10/2013;0,1729;
12/10/2013;0,2133;
13/10/2013;0,2621;
14/10/2013;0,2133;
15/10/2013;0,1988;
16/10/2013;0,2792;
17/10/2013;0,2621;
18/10/2013;0,1988;
19/10/2013;0,2458;
20/10/2013;0,2725;
21/10/2013;0,2621;
22/10/2013;0,2683;
23/10/2013;0,1642;
24/10/2013;0,2458;
25/10/2013;0,1417;
26/10/2013;0,0921;
27/10/2013;0,6963;
28/10/2013;0,2417;
29/10/2013;0,0888;
30/10/2013;0,2354;
31/10/2013;0,19;
01/11/2013;0,19;
02/11/2013;0,1508;
03/11/2013;0,2225;
04/11/2013;0,2367;
05/11/2013;0,2492;
06/11/2013;0,2033;
07/11/2013;0,12;
08/11/2013;0,1867;
09/11/2013;0,2533;
10/11/2013;0,1746;
11/11/2013;0,1746;
12/11/2013;0,2125;
13/11/2013;0,2125;
14/11/2013;0,19;
15/11/2013;0,19;
16/11/2013;0,1508;
17/11/2013;0,2225;
18/11/2013;0,2367;
19/11/2013;0,2525;
20/11/2013;0,2067;
21/11/2013;0,1038;
22/11/2013;0,1867;
23/11/2013;0,2525;
24/11/2013;0,2067;
25/11/2013;0,1038;
26/11/2013;0,1867;
27/11/2013;0,2354;
28/11/2013;0,19;
29/11/2013;0,19;
30/11/2013;0,1508;
01/12/2013;0,2225;
02/12/2013;0,2367;
03/12/2013;0,2525;
04/12/2013;0,2067;
05/12/2013;0,1038;
06/12/2013;0,1867;
07/12/2013;0,2533;
08/12/2013;0,1746;
09/12/2013;0,1746;
10/12/2013;0,2125;
11/12/2013;0,2125;
12/12/2013;0,19;
13/12/2013;0,19;
14/12/2013;0,1508;
15/12/2013;0,2225;
16/12/2013;0,2367;
17/12/2013;0,2525;
18/12/2013;0,2067;
19/12/2013;0,1038;
20/12/2013;0,1867;
21/12/2013;0,2533;
22/12/2013;0,1746;
23/12/2013;0,1746;
24/12/2013;0,2067;
25/12/2013;0,1038;
26/12/2013;0,1867;
27/12/2013;0,2533;
28/12/2013;0,1746;
29/12/2013;0,1746;
30/12/2013;0,2125;
31/12/2013;0,2125;
01/01/2014;0,19;
02/01/2014;0,19;
03/01/2014;0,1508;
04/01/2014;0,2225;
05/01/2014;0,2367;
06/01/2014;0,2525;
07/01/2014;0,3542;
08/01/2014;0,9617;
09/01/2014;0,2417;
10/01/2014;0,0888;
11/01/2014;0,2354;
12/01/2014;0,19;
13/01/2014;0,19;
14/01/2014;0,1508;
15/01/2014;0,2225;
16/01/2014;0,2367;
17/01/2014;0,2525;
18/01/2014;0,2067;
19/01/2014;0,1038;
20/01/2014;0,1867;
21/01/2014;0,2533;
22/01/2014;0,1746;
23/01/2014;0,1746;
24/01/2014;0,0888;
25/01/2014;0,2354;
26/01/2014;0,19;
27/01/2014;0,19;
28/01/2014;0,1508;
29/01/2014;0,2225;
30/01/2014;0,2367;
31/01/2014;0,2525;
01/02/2014;0,2621;
02/02/2014;0,1038;
03/02/2014;0,2592;
04/02/2014;0,2533;
05/02/2014;0,2396;
06/02/2014;0,2396;
07/02/2014;0,2125;
08/02/2014;0,3188;
09/02/2014;0,19;
10/02/2014;0,19;
11/02/2014;0,1508;
12/02/2014;0,2225;
13/02/2014;0,2367;
14/02/2014;0,2525;
15/02/2014;0,2067;
16/02/2014;0,1038;
17/02/2014;0,1867;
18/02/2014;0,2533;
19/02/2014;0,1746;
20/02/2014;0,2125;
21/02/2014;0,3875;
22/02/2014;0,5817;
23/02/2014;0,19;
24/02/2014;0,1508;
25/02/2014;0,2225;
26/02/2014;0,2367;
27/02/2014;0,2525;
28/02/2014;0,2067;
01/03/2014;0,3233;
02/03/2014;0,1867;
03/03/2014;0,2354;
04/03/2014;0,19;
05/03/2014;0,19;
06/03/2014;0,2571;
07/03/2014;0,2225;
08/03/2014;0,2367;
09/03/2014;0,2975;
10/03/2014;0,2067;
11/03/2014;0,1038;
12/03/2014;0,2796;
13/03/2014;0,2533;
14/03/2014;0,2421;
15/03/2014;0,3825;
16/03/2014;0,2125;
17/03/2014;0,2125;
18/03/2014;0,19;
19/03/2014;0,19;
20/03/2014;0,3221;
21/03/2014;0,2225;
22/03/2014;0,2367;
23/03/2014;0,2525;
24/03/2014;0,2067;
25/03/2014;0,1038;
26/03/2014;0,1867;
27/03/2014;0,2533;
28/03/2014;0,1746;
29/03/2014;0,2125;
30/03/2014;0,19;
31/03/2014;0,19;
01/04/2014;0,2829;
02/04/2014;0,2225;
03/04/2014;0,2367;
04/04/2014;0,2608;
05/04/2014;0,2067;
06/04/2014;0,2529;
07/04/2014;0,1867;
08/04/2014;0,2713;
09/04/2014;0,2763;
10/04/2014;0,2067;
11/04/2014;0,2646;
12/04/2014;0,21;
13/04/2014;0,2429;
14/04/2014;0,2;
15/04/2014;0,2292;
16/04/2014;0,2958;
17/04/2014;0,2;
18/04/2014;0,2;
19/04/2014;0,215;
20/04/2014;0,205;
21/04/2014;0,5792;
22/04/2014;0,2125;
23/04/2014;0,1667;
24/04/2014;0,8458;
25/04/2014;0,75;
26/04/2014;0,6;
27/04/2014;0,8292;
28/04/2014;1;500
29/04/2014;0,9167;
30/04/2014;0,5875;
01/05/2014;0,8667;
02/05/2014;0,3658;
03/05/2014;0,7263;
04/05/2014;0,5988;
05/05/2014;0,6988;
06/05/2014;0,6108;
07/05/2014;0,6275;
08/05/2014;0,6108;
09/05/2014;0,2133;
10/05/2014;0,2792;
11/05/2014;0,2042;
12/05/2014;0,1729;
13/05/2014;0,2133;
14/05/2014;0,2133;
15/05/2014;0,2042;
16/05/2014;0,2792;
17/05/2014;0,1729;
18/05/2014;0,2133;
19/05/2014;0,2621;
20/05/2014;0,2133;
21/05/2014;0,3688;
22/05/2014;0,7517;
23/05/2014;0,6096;
24/05/2014;0,7029;
25/05/2014;0,6458;
26/05/2014;0,6708;
27/05/2014;0,5933;
28/05/2014;0,6442;
29/05/2014;0,6371;
30/05/2014;0,61;
31/05/2014;0,1729;
01/06/2014;0,2133;
02/06/2014;0,3888;
03/06/2014;0,7525;
04/06/2014;0,6558;
05/06/2014;0,71;
06/06/2014;0,6438;
07/06/2014;0,675;
08/06/2014;0,6138;
09/06/2014;0,7525;
10/06/2014;0,5963;
11/06/2014;0,7096;
12/06/2014;0,6413;
13/06/2014;0,6429;
14/06/2014;0,5954;
15/06/2014;0,2133;
16/06/2014;0,1988;
17/06/2014;0,25;
18/06/2014;0,1975;
19/06/2014;0,33;
20/06/2014;0,3567;
21/06/2014;0,3475;
22/06/2014;0,7521;
23/06/2014;0,6317;
24/06/2014;0,6496;
25/06/2014;0,6171;
26/06/2014;0,6717;
27/06/2014;0,7829;
28/06/2014;0,5142;
29/06/2014;0,6738;
30/06/2014;0,4592;
01/07/2014;0,2383;
02/07/2014;0,2133;
03/07/2014;0,2625;
04/07/2014;0,2133;
05/07/2014;0,9842;
06/07/2014;0,3675;
07/07/2014;0,4683;
08/07/2014;0,2133;
09/07/2014;1;1250
10/07/2014;0,2328;
11/07/2014;0,1009;
12/07/2014;0,2792;
13/07/2014;0,2517;
14/07/2014;0,2133;
15/07/2014;0,2625;
16/07/2014;0,2133;
17/07/2014;0,9613;
18/07/2014;0,6196;
19/07/2014;1;79
20/07/2014;0,2133;
21/07/2014;0,3429;
22/07/2014;0,3117;
23/07/2014;0,1929;
24/07/2014;0,1467;
25/07/2014;0,1154;
26/07/2014;0,9279;
27/07/2014;0,6158;
28/07/2014;0,1788;
29/07/2014;0,1621;
30/07/2014;0,1867;
31/07/2014;0,2525;
01/08/2014;0,2067;
02/08/2014;0,1038;
03/08/2014;0,1867;
04/08/2014;0,2354;
05/08/2014;0,19;
06/08/2014;0,19;
07/08/2014;0,1508;
08/08/2014;0,2225;
09/08/2014;0,2367;
10/08/2014;0,2525;
11/08/2014;0,2067;
12/08/2014;0,1038;
13/08/2014;0,1867;
14/08/2014;0,2533;
15/08/2014;0,1746;
16/08/2014;0,1746;
17/08/2014;0,2125;
18/08/2014;0,2125;
19/08/2014;0,19;
20/08/2014;0,19;
21/08/2014;0,1783;
22/08/2014;0,2225;
23/08/2014;0,2608;
24/08/2014;0,2525;
25/08/2014;0,2529;
26/08/2014;0,1038;
27/08/2014;0,2746;
28/08/2014;0,3558;
29/08/2014;0,4717;
30/08/2014;0,3596;
31/08/2014;0,2613;
01/09/2014;0,3363;
02/09/2014;0,2417;
03/09/2014;0,2533;
04/09/2014;0,1746;
05/09/2014;0,1746;
06/09/2014;0,2125;
07/09/2014;0,2125;
08/09/2014;0,3475;
09/09/2014;0,2688;
10/09/2014;0,3413;
11/09/2014;0,2225;
12/09/2014;0,2367;
13/09/2014;0,2525;
14/09/2014;0,3542;
15/09/2014;0,9617;
16/09/2014;0,2417;
17/09/2014;0,0888;
18/09/2014;0,2354;
19/09/2014;0,19;
20/09/2014;0,19;
21/09/2014;0,1508;
22/09/2014;0,2225;
23/09/2014;0,2367;
24/09/2014;0,2525;
25/09/2014;0,2067;
26/09/2014;0,4625;
27/09/2014;0,1867;
28/09/2014;0,2533;
29/09/2014;0,1746;
30/09/2014;0,1746;
01/10/2014;0,0888;
02/10/2014;0,2354;
03/10/2014;0,19;
04/10/2014;0,19;
05/10/2014;0,2704;
06/10/2014;0,2604;
07/10/2014;0,2367;
08/10/2014;0,2525;
09/10/2014;0,2067;
10/10/2014;0,2525;
11/10/2014;0,2763;
12/10/2014;0,2533;
13/10/2014;0,2996;
14/10/2014;0,3683;
15/10/2014;0,2125;
16/10/2014;0,3475;
17/10/2014;0,2792;
18/10/2014;0,3054;
19/10/2014;0,3408;
20/10/2014;0,2225;
21/10/2014;0,2367;
22/10/2014;0,2525;
23/10/2014;0,2879;
24/10/2014;0,315;
25/10/2014;0,3;
26/10/2014;0,2533;
27/10/2014;0,2596;
28/10/2014;0,3183;
29/10/2014;0,2938;
30/10/2014;0,19;
31/10/2014;0,19;
01/11/2014;0,2258;
02/11/2014;0,2225;
03/11/2014;0,2367;
04/11/2014;0,2525;
05/11/2014;0,2067;
06/11/2014;0,2558;
07/11/2014;0,1867;
08/11/2014;0,2354;
09/11/2014;0,19;
10/11/2014;0,19;
11/11/2014;0,1508;
12/11/2014;0,2225;
13/11/2014;0,2367;
14/11/2014;0,2525;
15/11/2014;0,2067;
16/11/2014;0,1038;
17/11/2014;0,1867;
18/11/2014;0,2533;
19/11/2014;0,1746;
20/11/2014;0,1746;
21/11/2014;0,2125;
22/11/2014;0,2125;
23/11/2014;0,19;
24/11/2014;0,19;
25/11/2014;0,1508;
26/11/2014;0,2225;
27/11/2014;0,2367;
28/11/2014;0,2525;
29/11/2014;0,2067;
30/11/2014;0,1038;
01/12/2014;0,1867;
02/12/2014;0,2533;
03/12/2014;0,1746;
04/12/2014;0,2125;
05/12/2014;0,19;
06/12/2014;0,19;
07/12/2014;0,1508;
08/12/2014;0,2225;
09/12/2014;0,2367;
10/12/2014;0,2525;
11/12/2014;0,2067;
12/12/2014;0,1038;
13/12/2014;0,1867;
14/12/2014;0,1075;
15/12/2014;0,2763;
16/12/2014;0,2067;
17/12/2014;0,1492;
18/12/2014;0,1492;
19/12/2014;0,14;
20/12/2014;0,2604;
21/12/2014;0,2292;
22/12/2014;0,2958;
23/12/2014;0,2;
24/12/2014;0,2;
25/12/2014;0,8;
26/12/2014;1;0
27/12/2014;1;0
28/12/2014;0,3;
29/12/2014;0,275;
30/12/2014;0,5075;
31/12/2014;0,4867;
01/01/2015;0,1333;
02/01/2015;0,0333;
03/01/2015;0,0333;
04/01/2015;0,9167;
05/01/2015;0,5875;
06/01/2015;0,8667;
07/01/2015;0,2183;
08/01/2015;0,1729;
09/01/2015;0,2133;
10/01/2015;0,2508;
11/01/2015;0,2117;
12/01/2015;0,1133;
13/01/2015;0,2133;
14/01/2015;0,2133;
15/01/2015;0,2792;
16/01/2015;0,2042;
17/01/2015;0,1729;
18/01/2015;0,2133;
19/01/2015;1;0
20/01/2015;1;0
21/01/2015;0,3075;
22/01/2015;0,8375;
23/01/2015;0,56;
24/01/2015;0,6292;
25/01/2015;0,5625;
26/01/2015;0,5875;
27/01/2015;0,5292;
28/01/2015;0,9625;
29/01/2015;0,835;
30/01/2015;0,7079;
31/01/2015;0,6346;
01/02/2015;0,6429;
02/02/2015;0,5846;
03/02/2015;0,1508;
04/02/2015;0,3629;
05/02/2015;0,7517;
06/02/2015;0,6167;
07/02/2015;0,6775;
08/02/2015;0,6025;
09/02/2015;0,6121;
10/02/2015;0,6046;
11/02/2015;0,1746;
12/02/2015;0,1746;
13/02/2015;0,2125;
14/02/2015;0,2125;
15/02/2015;0,19;
16/02/2015;0,19;
17/02/2015;0,1508;
18/02/2015;0,2225;
19/02/2015;0,2367;
20/02/2015;0,2525;
21/02/2015;0,1746;
22/02/2015;0,2125;
23/02/2015;0,2125;
24/02/2015;0,19;
25/02/2015;0,19;
26/02/2015;0,1508;
27/02/2015;0,2225;
28/02/2015;0,2367;
01/03/2015;0,2525;
02/03/2015;0,1508;
03/03/2015;0,2225;
04/03/2015;0,2367;
05/03/2015;0,2525;
06/03/2015;0,2346;
07/03/2015;0,19;
08/03/2015;0,2771;
09/03/2015;0,19;
10/03/2015;0,2328;
11/03/2015;0,2328;
12/03/2015;0,19;
13/03/2015;0,1746;
14/03/2015;0,2125;
15/03/2015;0,2125;
16/03/2015;0,19;
17/03/2015;0,19;
18/03/2015;0,1508;
19/03/2015;0,2225;
20/03/2015;0,2367;
21/03/2015;0,2525;
22/03/2015;0,2067;
23/03/2015;0,1038;
24/03/2015;0,1867;
25/03/2015;0,2533;
26/03/2015;0,1746;
27/03/2015;0,2125;
28/03/2015;0,2125;
29/03/2015;0,19;
30/03/2015;0,2533;
31/03/2015;0,1658;
01/04/2015;0,1038;
02/04/2015;0,1867;
03/04/2015;0,2533;
04/04/2015;0,1746;
05/04/2015;0,2125;
06/04/2015;0,2125;
07/04/2015;0,19;
08/04/2015;0,19;
09/04/2015;0,2125;
10/04/2015;0,19;
11/04/2015;0,19;
12/04/2015;0,1508;
13/04/2015;0,2225;
14/04/2015;0,2367;
15/04/2015;0,2525;
16/04/2015;0,2067;
17/04/2015;0,1038;
18/04/2015;0,1867;
19/04/2015;0,2533;
20/04/2015;0,1746;
21/04/2015;0,2125;
22/04/2015;0,2125;
23/04/2015;0,19;
24/04/2015;0,19;
25/04/2015;0,1508;
26/04/2015;0,2225;
27/04/2015;0,2367;
28/04/2015;0,2525;
29/04/2015;0,2533;
30/04/2015;0,1746;
01/05/2015;0,2125;
02/05/2015;0,2125;
03/05/2015;0,19;
04/05/2015;0,19;
05/05/2015;0,1508;
06/05/2015;0,2225;
07/05/2015;0,2367;
08/05/2015;0,2525;
09/05/2015;0,2225;
10/05/2015;0,2367;
11/05/2015;0,2525;
12/05/2015;0,0917;
13/05/2015;0,0992;
14/05/2015;0,0917;
15/05/2015;0,0888;
16/05/2015;0,2354;
17/05/2015;0,19;
18/05/2015;0,19;
19/05/2015;0,1508;
20/05/2015;0,2225;
21/05/2015;0,2367;
22/05/2015;0,2525;
23/05/2015;0,2067;
24/05/2015;0,1038;
25/05/2015;0,1867;
26/05/2015;0,2533;
27/05/2015;0,1746;
28/05/2015;0,1746;
29/05/2015;0,0888;
30/05/2015;0,2354;
31/05/2015;0,19;
01/06/2015;0,19;
02/06/2015;0,1508;
03/06/2015;0,2225;
04/06/2015;0,2367;
05/06/2015;0,2225;
06/06/2015;0,2367;
07/06/2015;0,2525;
08/06/2015;0,2067;
09/06/2015;0,1563;
10/06/2015;0,19;
11/06/2015;0,19;
12/06/2015;0,1508;
13/06/2015;0,2225;
14/06/2015;0,2367;
15/06/2015;0,2225;
16/06/2015;0,2367;
17/06/2015;0,2533;
18/06/2015;0,1746;
19/06/2015;0,1746;
20/06/2015;0,0888;
21/06/2015;0,1867;
22/06/2015;0,2533;
23/06/2015;0,1746;
24/06/2015;0,1746;
25/06/2015;0,0888;
26/06/2015;0,2354;
27/06/2015;0,2533;
28/06/2015;0,1746;
29/06/2015;0,1746;
30/06/2015;0,0888;
01/07/2015;0,2067;
02/07/2015;0,1038;
03/07/2015;0,1867;
04/07/2015;0,2354;
05/07/2015;0,19;
06/07/2015;0,19;
07/07/2015;0,1508;
08/07/2015;0,1363;
09/07/2015;0,2328;
10/07/2015;0,2328;
11/07/2015;0,2328;
12/07/2015;0,2422;
13/07/2015;0,2367;
14/07/2015;0,2525;
15/07/2015;0,2067;
16/07/2015;0,2067;
17/07/2015;0,2225;
18/07/2015;0,2225;
19/07/2015;0,2367;
20/07/2015;0,2525;
21/07/2015;0,2067;
22/07/2015;0,1038;
23/07/2015;0,1867;
24/07/2015;0,2533;
25/07/2015;0,1746;
26/07/2015;0,1746;
27/07/2015;0,2125;
28/07/2015;0,2125;
29/07/2015;0,19;
30/07/2015;0,19;
31/07/2015;0,1508;
01/08/2015;0,2225;
02/08/2015;0,2367;
03/08/2015;0,2525;
04/08/2015;0,2067;
05/08/2015;0,1038;
06/08/2015;0,1867;
07/08/2015;0,2533;
08/08/2015;0,1746;
09/08/2015;0,2125;
10/08/2015;0,2125;
11/08/2015;0,19;
12/08/2015;0,19;
13/08/2015;0,1508;
14/08/2015;0,2225;
15/08/2015;0,2367;
16/08/2015;0,2525;
17/08/2015;0,2067;
18/08/2015;0,1038;
19/08/2015;0,1867;
20/08/2015;0,2354;
21/08/2015;0,19;
22/08/2015;0,19;
23/08/2015;0,1508;
24/08/2015;0,2225;
25/08/2015;0,2367;
26/08/2015;0,2525;
27/08/2015;0,2067;
28/08/2015;0,1038;
29/08/2015;0,2417;
30/08/2015;0,9617;
31/08/2015;0,2458;
01/09/2015;1;0
02/09/2015;0,3542;
03/09/2015;0,1508;
04/09/2015;0,2225;
05/09/2015;0,2367;
06/09/2015;0,2525;
07/09/2015;0,2067;
08/09/2015;0,2921;
09/09/2015;0,2925;
10/09/2015;0,3542;
11/09/2015;0,9617;
12/09/2015;0,2417;
13/09/2015;0,2458;
14/09/2015;0,0525;
15/09/2015;0,0625;
16/09/2015;0,0525;
17/09/2015;0,2328;
18/09/2015;0,2328;
19/09/2015;0,2328;
20/09/2015;0,2328;
21/09/2015;0,2328;
22/09/2015;0,2652;
23/09/2015;0,2621;
24/09/2015;0,2133;
25/09/2015;0,1988;
26/09/2015;0,2792;
27/09/2015;0,2621;
28/09/2015;0,1988;
29/09/2015;0,2458;
30/09/2015;0,2725;
01/10/2015;0,2621;
02/10/2015;0,2683;
03/10/2015;0,8;
04/10/2015;0,2458;
05/10/2015;1;0
06/10/2015;0,3542;
07/10/2015;0,9617;
08/10/2015;0,2417;
09/10/2015;0,0888;
10/10/2015;0,2354;
11/10/2015;0,19;
12/10/2015;0,19;
13/10/2015;0,1508;
14/10/2015;0,2225;
15/10/2015;0,2367;
16/10/2015;0,2525;
17/10/2015;0,2067;
18/10/2015;0,1038;
19/10/2015;0,1867;
20/10/2015;0,2533;
21/10/2015;0,1746;
22/10/2015;0,1746;
23/10/2015;0,2125;
24/10/2015;0,2125;
25/10/2015;0,19;
26/10/2015;0,19;
27/10/2015;0,1508;
28/10/2015;0,2225;
29/10/2015;0,2367;
30/10/2015;0,2525;
31/10/2015;0,115;
01/11/2015;0,2254;
02/11/2015;0,2446;
03/11/2015;0,1542;
04/11/2015;0,1746;
05/11/2015;0,2079;
06/11/2015;0,2079;
07/11/2015;0,1933;
08/11/2015;0,1942;
09/11/2015;0,21;
10/11/2015;0,1371;
11/11/2015;0,2375;
12/11/2015;0,2446;
13/11/2015;0,2063;
14/11/2015;0,2328;
15/11/2015;0,2328;
16/11/2015;0,2328;
17/11/2015;0,2328;
18/11/2015;0,2328;
19/11/2015;0,2328;
20/11/2015;0,2328;
21/11/2015;0,2328;
22/11/2015;0,2328;
23/11/2015;0,2328;
24/11/2015;0,2328;
25/11/2015;0,2328;
26/11/2015;0,2328;
27/11/2015;0,2328;
28/11/2015;0,2328;
29/11/2015;0,2328;
30/11/2015;0,2533;
01/12/2015;0,1746;
02/12/2015;0,2125;
03/12/2015;0,2125;
04/12/2015;0,19;
05/12/2015;0,2;
06/12/2015;0,1542;
07/12/2015;0,2288;
08/12/2015;0,2367;
09/12/2015;0,2525;
10/12/2015;0,2225;
11/12/2015;0,2367;
12/12/2015;0,2525;
13/12/2015;0,3542;
14/12/2015;0,412;
15/12/2015;0,2417;
16/12/2015;0,0888;
17/12/2015;0,2354;
18/12/2015;0,19;
19/12/2015;0,19;
20/12/2015;0,1508;
21/12/2015;0,2225;
22/12/2015;0,2367;
23/12/2015;0,19;
24/12/2015;0,19;
25/12/2015;0,1508;
26/12/2015;0,2225;
27/12/2015;0,2658;
28/12/2015;0,1746;
29/12/2015;0,1746;
30/12/2015;0,0888;
31/12/2015;0,2354;
01/01/2016;0,2;
02/01/2016;0,2;
03/01/2016;0,2;
04/01/2016;0,1875;
05/01/2016;0,1292;
06/01/2016;0,1;
07/01/2016;0,1;
08/01/2016;0,0958;
09/01/2016;0,125;
10/01/2016;0,0625;
11/01/2016;0,1042;
12/01/2016;0,0946;
13/01/2016;0,1475;
14/01/2016;0,0458;
15/01/2016;0,1613;
16/01/2016;0,1;
17/01/2016;0,0625;
18/01/2016;0,0958;
19/01/2016;0,1167;
20/01/2016;0,1967;
21/01/2016;0,2;
22/01/2016;0,1375;
23/01/2016;0,1333;
24/01/2016;0,1583;
25/01/2016;0,1958;
26/01/2016;0,2;
27/01/2016;0,2;
28/01/2016;0,1292;
29/01/2016;0,1083;
30/01/2016;0,1583;
31/01/2016;0,3417;
01/02/2016;0,4958;
02/02/2016;0,5;
03/02/2016;0,4292;
04/02/2016;0,2458;
05/02/2016;0,1958;
06/02/2016;0,1;
07/02/2016;0,1;
08/02/2016;0,1333;
09/02/2016;0,3;
10/02/2016;0,3792;
11/02/2016;0,5958;
12/02/2016;0,5958;
13/02/2016;0,2917;
14/02/2016;0,1167;
15/02/2016;0,0958;
16/02/2016;0,1;
17/02/2016;0,1;
18/02/2016;0,1292;
19/02/2016;0,2;
20/02/2016;0,1235;
21/02/2016;0,1583;
22/02/2016;0,2833;
23/02/2016;0,3;
24/02/2016;0,3;
25/02/2016;0,3708;
26/02/2016;0,4333;
27/02/2016;0,4;
28/02/2016;0,4;
29/02/2016;0,475;
01/03/2016;0,475;
02/03/2016;0,2328;
03/03/2016;0,313;
04/03/2016;0,2417;
05/03/2016;0,2;
06/03/2016;0,1708;
07/03/2016;0,1;
08/03/2016;0,1;
09/03/2016;0,1;
10/03/2016;0,1;
11/03/2016;0,1;
12/03/2016;0,2328;
13/03/2016;0,2328;
14/03/2016;0,2328;
15/03/2016;0,2328;
16/03/2016;0,1435;
17/03/2016;0,2;
18/03/2016;0,2;
19/03/2016;0,1208;
20/03/2016;0,1;
21/03/2016;0,2328;
22/03/2016;0,113;
23/03/2016;0,0708;
24/03/2016;0,2;
25/03/2016;0,1417;
26/03/2016;0,1;
27/03/2016;0,0696;
28/03/2016;0,1;
29/03/2016;0,1;
30/03/2016;0,1;
31/03/2016;0,1;
01/04/2016;0,1;
02/04/2016;0,1208;
03/04/2016;0,1;
04/04/2016;0,1;
05/04/2016;0,0667;
06/04/2016;0,1;
07/04/2016;0,025;
08/04/2016;0,1;
09/04/2016;0,05;
10/04/2016;0,0625;
11/04/2016;0,05;
12/04/2016;0,0792;
13/04/2016;0,1583;
14/04/2016;0,1792;
15/04/2016;0,2;
16/04/2016;0,2;
17/04/2016;0,1208;
18/04/2016;0,1;
19/04/2016;0,1;
20/04/2016;0,0875;
21/04/2016;0,0292;
22/04/2016;0,0458;
23/04/2016;0,0833;
24/04/2016;0,1;
25/04/2016;0,0125;
26/04/2016;0,1583;
27/04/2016;0,2;
28/04/2016;0,2;
29/04/2016;0,15;
30/04/2016;0,1;
01/05/2016;0,1;
02/05/2016;0,1;
03/05/2016;0,1042;
04/05/2016;0,1;
05/05/2016;0,1;
06/05/2016;0,1;
07/05/2016;0,0875;
08/05/2016;0,0583;
09/05/2016;0,0958;
10/05/2016;0,1;
11/05/2016;0,1;
12/05/2016;0,0208;
13/05/2016;0,1583;
14/05/2016;0,1167;
15/05/2016;0,2833;
16/05/2016;0,3;
17/05/2016;0,2667;
18/05/2016;0,2042;
19/05/2016;0,2;
20/05/2016;0,2;
21/05/2016;0,2;
22/05/2016;0,2;
23/05/2016;0,2;
24/05/2016;0,1042;
25/05/2016;0,0125;
26/05/2016;0,025;
27/05/2016;0,0292;
28/05/2016;0,0875;
29/05/2016;0,1;
30/05/2016;0,1;
31/05/2016;0,1125;
01/06/2016;0,1208;
02/06/2016;0,1;
03/06/2016;0,1;
04/06/2016;0,1792;
05/06/2016;0,2;
06/06/2016;0,2;
07/06/2016;0,1667;
08/06/2016;0,1;
09/06/2016;0,0292;
10/06/2016;0,0625;
11/06/2016;0,1;
12/06/2016;0,15;
13/06/2016;0,1854;
14/06/2016;0,1625;
15/06/2016;0,2042;
16/06/2016;0,2833;
17/06/2016;0,2;
18/06/2016;0,2417;
19/06/2016;0,2417;
20/06/2016;0,2;
21/06/2016;0,2;
22/06/2016;0,1958;
23/06/2016;0,2;
24/06/2016;0,2;
25/06/2016;0,2;
26/06/2016;0,2;
27/06/2016;0,1083;
28/06/2016;0,1;
29/06/2016;0,175;
30/06/2016;0,2;
01/07/2016;0,3;
02/07/2016;0,3;
03/07/2016;0,3;
04/07/2016;0,3;
05/07/2016;0,3;
06/07/2016;0,2417;
07/07/2016;0,2;
08/07/2016;0,2958;
09/07/2016;0,3;
10/07/2016;0,3;
11/07/2016;0,3;
12/07/2016;0,2917;
13/07/2016;0,1917;
14/07/2016;0,1;
15/07/2016;0,1;
16/07/2016;0,1625;
17/07/2016;0,2792;
18/07/2016;0,3875;
19/07/2016;0,3;
20/07/2016;0,25;
21/07/2016;0,2417;
22/07/2016;0,2833;
23/07/2016;0,2;
24/07/2016;0,1583;
25/07/2016;0,1;
26/07/2016;0,1;
27/07/2016;0,1;
28/07/2016;0,1;
29/07/2016;0,1542;
30/07/2016;0,2292;
31/07/2016;0,2625;
01/08/2016;0,3;
02/08/2016;0,2328;
03/08/2016;0,2328;
04/08/2016;0,2328;
05/08/2016;0,2328;
06/08/2016;0,2328;
07/08/2016;0,2328;
08/08/2016;0,2328;
09/08/2016;0,2328;
10/08/2016;0,2328;
11/08/2016;0,2328;
12/08/2016;0,2328;
13/08/2016;0,2328;
14/08/2016;0,2328;
15/08/2016;0,1455;
16/08/2016;0,1;
17/08/2016;0,2;
18/08/2016;0,2458;
19/08/2016;0,2;
20/08/2016;0,1792;
21/08/2016;0,1833;
22/08/2016;0,1875;
23/08/2016;0,2;
24/08/2016;0,2328;
25/08/2016;0,1;
26/08/2016;0,0708;
27/08/2016;0,1304;
28/08/2016;0,1;
29/08/2016;0,2328;
30/08/2016;0,2328;
31/08/2016;0,1091;
01/09/2016;0,2;
02/09/2016;0,2;
03/09/2016;0,2;
04/09/2016;0,2;
05/09/2016;0,15;
06/09/2016;0,1;
07/09/2016;0,0542;
08/09/2016;0,0167;
09/09/2016;0,15;
10/09/2016;0,2;
11/09/2016;0,2;
12/09/2016;0,2;
13/09/2016;0,2;
14/09/2016;0,1792;
15/09/2016;0,1042;
16/09/2016;0,1;
17/09/2016;0,1;
18/09/2016;0,1;
19/09/2016;0,1;
20/09/2016;0,1;
21/09/2016;0,1;
22/09/2016;0,1;
23/09/2016;0,1;
24/09/2016;0,1;
25/09/2016;0,0583;
26/09/2016;0,0583;
27/09/2016;0,1;
28/09/2016;0,1;
29/09/2016;0,1;
30/09/2016;0,1;
01/10/2016;0,05;
02/10/2016;0,1;
03/10/2016;0,0875;
04/10/2016;0,2328;
05/10/2016;0,1043;
06/10/2016;0,125;
07/10/2016;0,0583;
08/10/2016;0,125;
09/10/2016;0,1583;
10/10/2016;0,3458;
11/10/2016;0,3;
12/10/2016;0,3;
13/10/2016;0,3;
14/10/2016;0,2167;
15/10/2016;0,2;
16/10/2016;0,2328;
17/10/2016;0,2328;
18/10/2016;0,2328;
19/10/2016;0,2328;
20/10/2016;0,2328;
21/10/2016;0,0435;
22/10/2016;0,1625;
23/10/2016;0,1083;
24/10/2016;0,1375;
25/10/2016;0,1;
26/10/2016;0,1;
27/10/2016;0,1667;
28/10/2016;0,2;
29/10/2016;0,1292;
30/10/2016;0,1;
31/10/2016;0,1;
01/11/2016;0,1;
02/11/2016;0,1625;
03/11/2016;0,1;
04/11/2016;0,1;
05/11/2016;0,1;
06/11/2016;0,1;
07/11/2016;0,1;
08/11/2016;0,1;
09/11/2016;0,1;
10/11/2016;0,0167;
11/11/2016;0,1125;
12/11/2016;0,075;
13/11/2016;0,075;
14/11/2016;0,0375;
15/11/2016;0,0417;
16/11/2016;0,1;
17/11/2016;0,1;
18/11/2016;0,1;
19/11/2016;0,0583;
20/11/2016;0,0333;
21/11/2016;0,0333;
22/11/2016;0,1;
23/11/2016;0,1;
24/11/2016;0,1;
25/11/2016;0,1;
26/11/2016;0,1;
27/11/2016;0,1;
28/11/2016;0,1;
29/11/2016;0,0792;
30/11/2016;0,0833;
01/12/2016;0,1917;
02/12/2016;0,1083;
03/12/2016;0,2042;
04/12/2016;0,3;
05/12/2016;0,3875;
06/12/2016;0,5458;
07/12/2016;0,3292;
08/12/2016;0,3333;
09/12/2016;0,3;
10/12/2016;0,2083;
11/12/2016;0,15;
12/12/2016;0,1833;
13/12/2016;0,1792;
14/12/2016;0,1;
15/12/2016;0,1167;
16/12/2016;0,3125;
17/12/2016;0,4;
18/12/2016;0,325;
19/12/2016;0,5375;
20/12/2016;0,6625;
21/12/2016;0,7458;
22/12/2016;0,8292;
23/12/2016;0,8;
24/12/2016;0,7292;
25/12/2016;0,4667;
26/12/2016;0,4;
27/12/2016;0,3208;
28/12/2016;0,45;
29/12/2016;0,375;
30/12/2016;0,4375;
31/12/2016;0,3542;
01/01/2017;0,25;
02/01/2017;0,2;
03/01/2017;0,1583;
04/01/2017;0,2583;
05/01/2017;0,3542;
06/01/2017;0,2958;
07/01/2017;0,2;
08/01/2017;0,1;
09/01/2017;0,1;
10/01/2017;0,1;
11/01/2017;0,2;
12/01/2017;0,2917;
13/01/2017;0,4083;
14/01/2017;0,3708;
15/01/2017;0,3667;
16/01/2017;0,3583;
17/01/2017;0,1;
18/01/2017;0,325;
19/01/2017;0,3;
20/01/2017;0,2333;
21/01/2017;0,25;
22/01/2017;0,1458;
23/01/2017;0,1;
24/01/2017;0,1;
25/01/2017;0,1;
26/01/2017;0,25;
27/01/2017;0,425;
28/01/2017;0,3075;
29/01/2017;0,8375;
30/01/2017;0,56;
31/01/2017;0,6292;
01/02/2017;0,5625;
02/02/2017;0,5875;
03/02/2017;0,5292;
04/02/2017;0,9625;
05/02/2017;0,835;
06/02/2017;0,7079;
07/02/2017;0,6346;
08/02/2017;0,6429;
09/02/2017;0,5846;
10/02/2017;0,1508;
11/02/2017;0,3629;
12/02/2017;0,7517;
13/02/2017;0,4105;
14/02/2017;0,4417;
15/02/2017;0,3292;
16/02/2017;0,3333;
17/02/2017;0,3667;
18/02/2017;0,3333;
19/02/2017;0,4333;
20/02/2017;0,5583;
21/02/2017;0,375;
22/02/2017;0,2208;
23/02/2017;0,2;
24/02/2017;0,3167;
25/02/2017;0,4458;
26/02/2017;0,3375;
27/02/2017;0,2208;
28/02/2017;0,2;
01/03/2017;0,3167;
02/03/2017;0,4458;
03/03/2017;0,3375;
04/03/2017;0,2208;
05/03/2017;0,2;
06/03/2017;0,3375;
07/03/2017;0,2208;
08/03/2017;0,0667;
09/03/2017;0,1;
10/03/2017;0,025;
11/03/2017;0,1;
12/03/2017;0,05;
13/03/2017;0,0625;
14/03/2017;0,05;
15/03/2017;0,0792;
16/03/2017;0,1583;
17/03/2017;0,2125;
18/03/2017;0,19;
19/03/2017;0,19;
20/03/2017;0,1508;
21/03/2017;0,0667;
22/03/2017;0,1;
23/03/2017;0,025;
24/03/2017;0,1;
25/03/2017;0,05;
26/03/2017;0,0625;
27/03/2017;0,05;
28/03/2017;0,0792;
29/03/2017;0,1583;
30/03/2017;0,2208;
31/03/2017;0,2;
01/04/2017;0,2;
02/04/2017;0,2;
03/04/2017;0,2;
04/04/2017;0,2;
05/04/2017;0,2;
06/04/2017;0,2;
07/04/2017;0,2;
08/04/2017;0,2;
09/04/2017;0,2;
10/04/2017;0,2;
11/04/2017;0,2;
12/04/2017;0,2;
13/04/2017;0,2;
14/04/2017;0,2;
15/04/2017;0,325;
16/04/2017;0,3083;
17/04/2017;0,3625;
18/04/2017;0,2875;
19/04/2017;0,2583;
20/04/2017;0,2292;
21/04/2017;0,2083;
22/04/2017;0,2083;
23/04/2017;0,2167;
24/04/2017;0,275;
25/04/2017;0,4458;
26/04/2017;0,3375;
27/04/2017;0,2208;
28/04/2017;0,1746;
29/04/2017;0,2125;
30/04/2017;0,2125;
01/05/2017;0,19;
02/05/2017;0,2533;
03/05/2017;0,1746;
04/05/2017;0,2125;
05/05/2017;0,2125;
06/05/2017;0,19;
07/05/2017;0,2533;
08/05/2017;0,1746;
09/05/2017;0,2125;
10/05/2017;0,2125;
11/05/2017;0,19;
12/05/2017;0,2533;
13/05/2017;0,19;
14/05/2017;0,2533;
15/05/2017;0,3333;
16/05/2017;0,19;
17/05/2017;0,2533;
18/05/2017;0,2;
19/05/2017;0,2125;
20/05/2017;0,2125;
21/05/2017;0,19;
22/05/2017;0,19;
23/05/2017;0,1508;
24/05/2017;0,2;
25/05/2017;0,3333;
26/05/2017;0,325;
27/05/2017;0,2167;
28/05/2017;0,2;
29/05/2017;0,3167;
30/05/2017;0,4458;
31/05/2017;0,2;
01/06/2017;0,0917;
02/06/2017;0,1542;
03/06/2017;0,3375;
04/06/2017;0,5583;
05/06/2017;0,6;
06/06/2017;0,6;
07/06/2017;0,6042;
08/06/2017;0,7;
09/06/2017;0,6;
10/06/2017;0,7;
11/06/2017;0,7542;
12/06/2017;0,8;
13/06/2017;0,85;
14/06/2017;0,8458;
15/06/2017;0,7875;
16/06/2017;0,6625;
17/06/2017;0,5458;
18/06/2017;0,4;
19/06/2017;0,3;
20/06/2017;0,1508;
21/06/2017;0,2225;
22/06/2017;0,2367;
23/06/2017;0,2225;
24/06/2017;0,2367;
25/06/2017;0,2525;
26/06/2017;0,1746;
27/06/2017;0,2225;
28/06/2017;0,2367;
29/06/2017;0,2525;
30/06/2017;0,1746;
01/07/2017;0,2188;
02/07/2017;0,2413;
03/07/2017;0,2533;
04/07/2017;0,1746;
05/07/2017;0,2233;
06/07/2017;0,2413;
07/07/2017;0,2533;
08/07/2017;0,1746;
09/07/2017;0,2554;
10/07/2017;0,1746;
11/07/2017;0,3;
12/07/2017;0,3;
13/07/2017;0,3;
14/07/2017;0,3;
15/07/2017;0,3;
16/07/2017;0,3167;
17/07/2017;0,3146;
18/07/2017;0,3146;
19/07/2017;0,3146;
20/07/2017;0,2258;
21/07/2017;0,255;
22/07/2017;0,2383;
23/07/2017;0,2125;
24/07/2017;0,2125;
25/07/2017;0,19;
26/07/2017;0,19;
27/07/2017;0,1508;
28/07/2017;0,2167;
29/07/2017;0,2;
30/07/2017;0,2125;
31/07/2017;0,2125;
01/08/2017;0,19;
02/08/2017;0,19;
03/08/2017;0,1508;
04/08/2017;0,2325;
05/08/2017;0,2125;
06/08/2017;0,2125;
07/08/2017;0,19;
08/08/2017;0,19;
09/08/2017;0,1508;
10/08/2017;0,22;
11/08/2017;0,2;
12/08/2017;0,2;
13/08/2017;0,2;
14/08/2017;0,2;
15/08/2017;0,2;
16/08/2017;0,2;
17/08/2017;0,2;
18/08/2017;0,2;
19/08/2017;0,2208;
20/08/2017;0,2208;
21/08/2017;0,1904;
22/08/2017;0,1904;
23/08/2017;0,1592;
24/08/2017;0,1904;
25/08/2017;0,1904;
26/08/2017;0,1592;
27/08/2017;0,2;
28/08/2017;0,2;
29/08/2017;0,225;
30/08/2017;0,3958;
31/08/2017;0,5;
01/09/2017;0,575;
02/09/2017;0,6667;
03/09/2017;0,5667;
04/09/2017;0,4667;
05/09/2017;0,3958;
06/09/2017;0,475;
07/09/2017;0,5;
08/09/2017;0,5;
09/09/2017;0,4667;
10/09/2017;0,5875;
11/09/2017;0,6917;
12/09/2017;0,6167;
13/09/2017;0,5833;
14/09/2017;0,4667;
15/09/2017;0,3542;
16/09/2017;0,1458;
17/09/2017;0,6;
18/09/2017;0,5917;
19/09/2017;0,4875;
20/09/2017;0,5;
21/09/2017;0,4792;
22/09/2017;0,3792;
23/09/2017;0,3958;
24/09/2017;0,3667;
25/09/2017;0,3583;
26/09/2017;0,3;
27/09/2017;0,3;
28/09/2017;0,3;
29/09/2017;0,2333;
30/09/2017;0,1042;
01/10/2017;0,2125;
02/10/2017;0,2;
03/10/2017;0,1292;
04/10/2017;0,1;
05/10/2017;0,125;
06/10/2017;0,1;
07/10/2017;0,1375;
08/10/2017;0,1667;
09/10/2017;0,1417;
10/10/2017;0,1958;
11/10/2017;0,1542;
12/10/2017;0,1625;
13/10/2017;0,3708;
14/10/2017;0,4;
15/10/2017;0,4;
16/10/2017;0,3583;
17/10/2017;0,3;
18/10/2017;0,3;
19/10/2017;0,2083;
20/10/2017;0,1083;
21/10/2017;0,0667;
22/10/2017;0,1;
23/10/2017;0,0708;
24/10/2017;0,0583;
25/10/2017;0,125;
26/10/2017;0,1;
27/10/2017;0,075;
28/10/2017;0,0333;
29/10/2017;0,0625;
30/10/2017;0,1;
31/10/2017;0,1;
01/11/2017;0,1;
02/11/2017;0,1625;
03/11/2017;0,1;
04/11/2017;0,0667;
05/11/2017;0,075;
06/11/2017;0,1;
07/11/2017;0,05;
08/11/2017;0,1667;
09/11/2017;0,1;
10/11/2017;0,2208;
11/11/2017;0,3;
12/11/2017;0,2917;
13/11/2017;0,1792;
14/11/2017;0,0958;
15/11/2017;0,0167;
16/11/2017;0,1;
17/11/2017;0,15;
18/11/2017;0,1292;
19/11/2017;0,1;
20/11/2017;0,0875;
21/11/2017;0,2083;
22/11/2017;0,2625;
23/11/2017;0,1583;
24/11/2017;0,1667;
25/11/2017;0,3792;
26/11/2017;0,35;
27/11/2017;0,5833;
28/11/2017;0,6875;
29/11/2017;0,45;
30/11/2017;0,2667;
01/12/2017;0,5292;
02/12/2017;0,6042;
03/12/2017;0,4583;
04/12/2017;0,3208;
05/12/2017;0,2042;
06/12/2017;0,2;
07/12/2017;0,2;
08/12/2017;0,1875;
09/12/2017;0,0833;
10/12/2017;0,2833;
11/12/2017;0,2417;
12/12/2017;0,2;
13/12/2017;0,2;
14/12/2017;0,2625;
15/12/2017;0,3917;
16/12/2017;0,45;
17/12/2017;0,6417;
18/12/2017;0,6375;
19/12/2017;0,525;
20/12/2017;0,7292;
21/12/2017;0,85;
22/12/2017;0,8333;
23/12/2017;0,6208;
24/12/2017;0,4958;
25/12/2017;0,4;
26/12/2017;0,6083;
27/12/2017;0,7417;
28/12/2017;0,4833;
29/12/2017;0,3083;
30/12/2017;0,2;
31/12/2017;0,1125;
01/01/2018;0,1;
02/01/2018;0,1;
03/01/2018;0,175;
04/01/2018;0,1;
05/01/2018;0,0458;
06/01/2018;0,0625;
07/01/2018;0,1875;
08/01/2018;0,1958;
09/01/2018;0,1;
10/01/2018;0,2333;
11/01/2018;0,6042;
12/01/2018;0,6292;
13/01/2018;0,6417;
14/01/2018;0,7833;
15/01/2018;0,7208;
16/01/2018;0,625;
17/01/2018;0,4583;
18/01/2018;0,5;
19/01/2018;0,5;
20/01/2018;0,5958;
21/01/2018;0,6208;
22/01/2018;0,6708;
23/01/2018;0,5875;
24/01/2018;0,425;
25/01/2018;0,5375;
26/01/2018;0,75;
27/01/2018;0,7;
28/01/2018;0,7;
29/01/2018;0,7;
30/01/2018;0,7;
31/01/2018;0,6583;
01/02/2018;0,5083;
02/02/2018;0,5;
03/02/2018;0,4083;
04/02/2018;0,425;
05/02/2018;0,5083;
06/02/2018;0,5;
07/02/2018;0,575;
08/02/2018;0,6;
09/02/2018;0,5792;
10/02/2018;0,5375;
11/02/2018;0,5208;
12/02/2018;0,5083;
13/02/2018;0,6833;
14/02/2018;0,8;
15/02/2018;0,8;
16/02/2018;0,7292;
17/02/2018;0,5458;
18/02/2018;0,4125;
19/02/2018;0,2328;
20/02/2018;0,2328;
21/02/2018;0,2328;
22/02/2018;0,2328;
23/02/2018;0,2328;
24/02/2018;0,2328;
25/02/2018;0,2328;
26/02/2018;0,2328;
27/02/2018;0,2328;
28/02/2018;0,2328;
01/03/2018;0,2328;
02/03/2018;0,2328;
03/03/2018;0,2328;
04/03/2018;0,0313;
05/03/2018;0,0375;
06/03/2018;0,0458;
07/03/2018;0,0542;
08/03/2018;0,15;
09/03/2018;0,2167;
10/03/2018;0,1292;
11/03/2018;0,1792;
12/03/2018;0,2;
13/03/2018;0,2917;
14/03/2018;0,4375;
15/03/2018;0,275;
16/03/2018;0,1292;
17/03/2018;0,1;
18/03/2018;0,0125;
19/03/2018;0,0208;
20/03/2018;0,0292;
21/03/2018;0,15;
22/03/2018;0,2;
23/03/2018;0,1292;
24/03/2018;0,1792;
25/03/2018;0,2;
26/03/2018;0,3042;
27/03/2018;0,4375;
28/03/2018;0,275;
29/03/2018;0,1292;
30/03/2018;0,1;
31/03/2018;0,1;
01/04/2018;0,1;
02/04/2018;0,1583;
03/04/2018;0,3417;
04/04/2018;0,575;
05/04/2018;0,4167;
06/04/2018;0,1625;
07/04/2018;0,1125;
08/04/2018;0,3417;
09/04/2018;0,4292;
10/04/2018;0,225;
11/04/2018;0,1;
12/04/2018;0,1333;
13/04/2018;0,325;
14/04/2018;0,2958;
15/04/2018;0,1833;
16/04/2018;0,1;
17/04/2018;0,0958;
18/04/2018;0,075;
19/04/2018;0,1;
20/04/2018;0,0792;
21/04/2018;0,0708;
22/04/2018;0,0417;
23/04/2018;0,1179;
24/04/2018;0,1025;
25/04/2018;0,0533;
26/04/2018;0,0533;
27/04/2018;0,0867;
28/04/2018;0,0417;
29/04/2018;0,0617;
30/04/2018;0,0958;
01/05/2018;0,1;
02/05/2018;0,1;
03/05/2018;0,1;
04/05/2018;0,1;
05/05/2018;0,0667;
06/05/2018;0,0375;
07/05/2018;0,0625;
08/05/2018;0,175;
09/05/2018;0,2;
10/05/2018;0,2;
11/05/2018;0,2;
12/05/2018;0,1917;
13/05/2018;0,1;
14/05/2018;0,1;
15/05/2018;0,1708;
16/05/2018;0,1417;
17/05/2018;0,025;
18/05/2018;0,0833;
19/05/2018;0,1917;
20/05/2018;0,2;
21/05/2018;0,2;
22/05/2018;0,2;
23/05/2018;0,2;
24/05/2018;0,2;
25/05/2018;0,2;
26/05/2018;0,2;
27/05/2018;0,2;
28/05/2018;0,1;
29/05/2018;0,2;
30/05/2018;0,2708;
31/05/2018;0,2667;
01/06/2018;0,2125;
02/06/2018;0,3;
03/06/2018;0,275;
04/06/2018;0,1458;
05/06/2018;0,05;
06/06/2018;0,2042;
07/06/2018;0,3;
08/06/2018;0,3;
09/06/2018;0,3;
10/06/2018;0,3;
11/06/2018;0,2208;
12/06/2018;0,2625;
13/06/2018;0,3;
14/06/2018;0,3;
15/06/2018;0,3;
16/06/2018;0,2083;
17/06/2018;0,2917;
18/06/2018;0,3;
19/06/2018;0,3;
20/06/2018;0,25;
21/06/2018;0,15;
22/06/2018;0,1;
23/06/2018;0,1292;
24/06/2018;0,1;
25/06/2018;0,1875;
26/06/2018;0,2;
27/06/2018;0,2;
28/06/2018;0,1292;
29/06/2018;0,0208;
30/06/2018;0,0792;
01/07/2018;0,0917;
02/07/2018;0,2083;
03/07/2018;0,3;
04/07/2018;0,2125;
05/07/2018;0,2292;
06/07/2018;0,1167;
07/07/2018;0,1958;
08/07/2018;0,2;
09/07/2018;0,2417;
10/07/2018;0,2;
11/07/2018;0,2;
12/07/2018;0,2667;
13/07/2018;0,3208;
14/07/2018;0,3;
15/07/2018;0,3;
16/07/2018;0,225;
17/07/2018;0,225;
18/07/2018;0,2875;
19/07/2018;0,3;
20/07/2018;0,3;
21/07/2018;0,2625;
22/07/2018;0,2;
23/07/2018;0,2;
24/07/2018;0,2583;
25/07/2018;0,3;
26/07/2018;0,2292;
27/07/2018;0,2;
28/07/2018;0,2;
29/07/2018;0,175;
30/07/2018;0,1;
31/07/2018;0,1;
01/08/2018;0,1;
02/08/2018;0,1625;
03/08/2018;0,2;
04/08/2018;0,2;
05/08/2018;0,2;
06/08/2018;0,2;
07/08/2018;0,2;
08/08/2018;0,2;
09/08/2018;0,2;
10/08/2018;0,2;
11/08/2018;0,1667;
12/08/2018;0,0917;
13/08/2018;0,0458;
14/08/2018;0,2583;
15/08/2018;0,2375;
16/08/2018;0,25;
17/08/2018;0,2;
18/08/2018;0,175;
19/08/2018;0,0792;
20/08/2018;0,1;
21/08/2018;0,0792;
22/08/2018;0,0208;
23/08/2018;0,0917;
24/08/2018;0,1;
25/08/2018;0,1542;
26/08/2018;0,1625;
27/08/2018;0,15;
28/08/2018;0,1;
29/08/2018;0,25;
30/08/2018;0,3042;
31/08/2018;0,275;
01/09/2018;0,1708;
02/09/2018;0,1583;
03/09/2018;0,2;
04/09/2018;0,2;
05/09/2018;0,2;
06/09/2018;0,1417;
07/09/2018;0,1875;
08/09/2018;0,0958;
09/09/2018;0,1054;
10/09/2018;0,0833;
11/09/2018;0,1;
12/09/2018;0,1;
13/09/2018;0,0167;
14/09/2018;0,1;
15/09/2018;0,1;
16/09/2018;0,0625;
17/09/2018;0,0625;
18/09/2018;0,1;
19/09/2018;0,0208;
20/09/2018;0,0667;
21/09/2018;0,0208;
22/09/2018;0,0917;
23/09/2018;0,075;
24/09/2018;0,1;
25/09/2018;0,2328;
26/09/2018;0,2328;
27/09/2018;0,2328;
28/09/2018;0,2328;
29/09/2018;0,2328;
30/09/2018;0,2328;
01/10/2018;0,2;
02/10/2018;0,1167;
03/10/2018;0,1375;
04/10/2018;0,1;
05/10/2018;0,0917;
06/10/2018;0,0917;
07/10/2018;0,1458;
08/10/2018;0,1833;
09/10/2018;0,15;
10/10/2018;0,1083;
11/10/2018;0,1417;
12/10/2018;0,125;
13/10/2018;0,1;
14/10/2018;0,1;
15/10/2018;0,1;
16/10/2018;0,1;
17/10/2018;0,0958;
18/10/2018;0,0333;
19/10/2018;0,0192;
20/10/2018;0,0596;
21/10/2018;0,2;
22/10/2018;0,175;
23/10/2018;0,0792;
24/10/2018;0,0417;
25/10/2018;0,2;
26/10/2018;0,1167;
27/10/2018;0,1;
28/10/2018;0,1458;
29/10/2018;0,1;
30/10/2018;0,1;
31/10/2018;0,1;
01/11/2018;0,1;
02/11/2018;0,1;
03/11/2018;0,1;
04/11/2018;0,1;
05/11/2018;0,0958;
06/11/2018;0,0333;
07/11/2018;0,0367;
08/11/2018;0,0408;
09/11/2018;0,0408;
10/11/2018;0,025;
11/11/2018;0,0733;
12/11/2018;0,0542;
13/11/2018;0,0583;
14/11/2018;0,0792;
15/11/2018;0,0417;
16/11/2018;0,1375;
17/11/2018;0,1608;
18/11/2018;0,1583;
19/11/2018;0,2;
20/11/2018;0,1;
21/11/2018;0,0125;
22/11/2018;0,0833;
23/11/2018;0,1;
24/11/2018;0,0583;
25/11/2018;0,0917;
26/11/2018;0,1;
27/11/2018;0,1625;
28/11/2018;0,2;
29/11/2018;0,1167;
30/11/2018;0,1;
01/12/2018;0,0708;
02/12/2018;0,05;
03/12/2018;0,0708;
04/12/2018;0,0542;
05/12/2018;0,0542;
06/12/2018;0,0542;
07/12/2018;0,1;
08/12/2018;0,0625;
09/12/2018;0,125;
10/12/2018;0,0917;
11/12/2018;0,1125;
12/12/2018;0,0629;
13/12/2018;0,0704;
14/12/2018;0,0367;
15/12/2018;0,0367;
16/12/2018;0,0367;
17/12/2018;0,0367;
18/12/2018;0,0367;
19/12/2018;0,0733;
20/12/2018;0,0492;
21/12/2018;0,0292;
22/12/2018;0,0167;
23/12/2018;0,0833;
24/12/2018;0,1;
25/12/2018;0,0833;
26/12/2018;0,0833;
27/12/2018;0,0833;
28/12/2018;0,0833;
29/12/2018;0,0917;
30/12/2018;0,1;
31/12/2018;0,1;
01/01/2019;0,1;
02/01/2019;0,1;
03/01/2019;0,1292;
04/01/2019;0,1833;
05/01/2019;0,0958;
06/01/2019;0,0708;
07/01/2019;0,0958;
08/01/2019;0,1317;
09/01/2019;0,1458;
10/01/2019;0,3;
11/01/2019;0,25;
12/01/2019;0,2;
13/01/2019;0,175;
14/01/2019;0,2;
15/01/2019;0,2625;
16/01/2019;0,3292;
17/01/2019;0,4458;
18/01/2019;0,7;
19/01/2019;0,8;
20/01/2019;0,8583;
21/01/2019;0,7458;
22/01/2019;0,6542;
23/01/2019;0,5208;
24/01/2019;0,375;
25/01/2019;0,2125;
26/01/2019;0,1;
27/01/2019;0,1;
28/01/2019;0,1;
29/01/2019;0,1;
30/01/2019;0,1;
31/01/2019;0,1;
01/02/2019;0,1;
02/02/2019;0,2042;
03/02/2019;0,4417;
04/02/2019;0,6375;
05/02/2019;0,6833;
06/02/2019;0,5;
07/02/2019;0,3417;
08/02/2019;0,3125;
09/02/2019;0,4417;
10/02/2019;0,7042;
11/02/2019;0,775;
12/02/2019;0,6125;
13/02/2019;0,6375;
14/02/2019;0,7792;
15/02/2019;0,7042;
16/02/2019;0,7958;
17/02/2019;0,5708;
18/02/2019;0,3292;
19/02/2019;0,3;
20/02/2019;0,2542;
21/02/2019;0,2;
22/02/2019;0,1125;
23/02/2019;0,1708;
24/02/2019;0,3292;
25/02/2019;0,3625;
26/02/2019;0,1292;
27/02/2019;0,1458;
28/02/2019;0,2;
01/03/2019;0,1;
02/03/2019;0,0542;
03/03/2019;0,1333;
04/03/2019;0,1208;
05/03/2019;0,1667;
06/03/2019;0,3917;
07/03/2019;0,4125;
08/03/2019;0,1;
09/03/2019;0,1;
10/03/2019;0,0167;
11/03/2019;0,1;
12/03/2019;0,0542;
13/03/2019;0,1625;
14/03/2019;0,1167;
15/03/2019;0,1542;
16/03/2019;0,3292;
17/03/2019;0,4208;
18/03/2019;0,1458;
19/03/2019;0,4;
20/03/2019;0,4708;
21/03/2019;0,4;
22/03/2019;0,4;
23/03/2019;0,4208;
24/03/2019;0,3542;
25/03/2019;0,275;
26/03/2019;0,1417;
27/03/2019;0,0292;
28/03/2019;0,0375;
29/03/2019;0,0729;
30/03/2019;0,05;
31/03/2019;0,0375;
01/04/2019;0,0375;
02/04/2019;0,0375;
03/04/2019;0,025;
04/04/2019;0,0625;
05/04/2019;0,0475;
06/04/2019;0,0696;
07/04/2019;0,0458;
08/04/2019;0,0658;
09/04/2019;0,0617;
10/04/2019;0,0446;
11/04/2019;0,0446;
12/04/2019;0,0446;
13/04/2019;0,0521;
14/04/2019;0,0654;
15/04/2019;0,0488;
16/04/2019;0,1;
17/04/2019;0,1;
18/04/2019;0,1;
19/04/2019;0,0875;
20/04/2019;0,0542;
21/04/2019;0,0625;
22/04/2019;0,0417;
23/04/2019;0,1167;
24/04/2019;0,075;
25/04/2019;0,1667;
26/04/2019;0,2;
27/04/2019;0,2;
28/04/2019;0,2;
29/04/2019;0,2;
30/04/2019;0,2;
01/05/2019;0,2;
02/05/2019;0,1208;
03/05/2019;0,1;
04/05/2019;0,1;
05/05/2019;0,1;
06/05/2019;0,1;
07/05/2019;0,1;
08/05/2019;0,1667;
09/05/2019;0,1417;
10/05/2019;0,1;
11/05/2019;0,15;
12/05/2019;0,0792;
13/05/2019;0,1167;
14/05/2019;0,1167;
15/05/2019;0,0625;
16/05/2019;0,1125;
17/05/2019;0,2;
18/05/2019;0,175;
19/05/2019;0,1;
20/05/2019;0,1;
21/05/2019;0,05;
22/05/2019;0,0958;
23/05/2019;0,0375;
24/05/2019;0,1208;
25/05/2019;0,2042;
26/05/2019;0,3;
27/05/2019;0,175;
28/05/2019;0,0333;
29/05/2019;0,0833;
30/05/2019;0,2;
31/05/2019;0,2;
01/06/2019;0,2;
02/06/2019;0,2;
03/06/2019;0,275;
04/06/2019;0,3;
05/06/2019;0,3167;
06/06/2019;0,2958;
07/06/2019;0,2208;
08/06/2019;0,3;
09/06/2019;0,3;
10/06/2019;0,3;
11/06/2019;0,3;
12/06/2019;0,2167;
13/06/2019;0,2;
14/06/2019;0,2;
15/06/2019;0,2;
16/06/2019;0,2;
17/06/2019;0,2;
18/06/2019;0,1375;
19/06/2019;0,175;
20/06/2019;0,1833;
21/06/2019;0,1667;
22/06/2019;0,2;
23/06/2019;0,2;
24/06/2019;0,2;
25/06/2019;0,2;
26/06/2019;0,2;
27/06/2019;0,2;
28/06/2019;0,2;
29/06/2019;0,1083;
30/06/2019;0,1042;
01/07/2019;0,2;
02/07/2019;0,2;
03/07/2019;0,1;
04/07/2019;0,2042;
05/07/2019;0,2667;
06/07/2019;0,1167;
07/07/2019;0,0625;
08/07/2019;0,2;
09/07/2019;0,2;
10/07/2019;0,1958;
11/07/2019;0,1;
12/07/2019;0,0917;
13/07/2019;0,2;
14/07/2019;0,1083;
15/07/2019;0,1;
16/07/2019;0,1458;
17/07/2019;0,1792;
18/07/2019;0,175;
19/07/2019;0,1;
20/07/2019;0,175;
21/07/2019;0,2;
22/07/2019;0,2;
23/07/2019;0,2;
24/07/2019;0,2;
25/07/2019;0,1917;
26/07/2019;0,1917;
27/07/2019;0,2;
28/07/2019;0,2;
29/07/2019;0,1625;
30/07/2019;0,2;
31/07/2019;0,1875;
01/08/2019;0,1;
02/08/2019;0,1;
03/08/2019;0,0583;
04/08/2019;0,2375;
05/08/2019;0,2833;
06/08/2019;0,2208;
07/08/2019;0,2;
08/08/2019;0,2;
09/08/2019;0,175;
10/08/2019;0,0958;
11/08/2019;0,0292;
12/08/2019;0,025;
13/08/2019;0,1917;
14/08/2019;0,2875;
15/08/2019;0,3;
16/08/2019;0,2833;
17/08/2019;0,2;
18/08/2019;0,1667;
19/08/2019;0,1333;
20/08/2019;0,075;
21/08/2019;0,0875;
22/08/2019;0,1375;
23/08/2019;0,3;
24/08/2019;0,3;
25/08/2019;0,3;
26/08/2019;0,2417;
27/08/2019;0,0917;
28/08/2019;0,0583;
29/08/2019;0,0458;
30/08/2019;0,2;
31/08/2019;0,15;
01/09/2019;0,2;
02/09/2019;0,2;
03/09/2019;0,2;
04/09/2019;0,2;
05/09/2019;0,2;
06/09/2019;0,2;
07/09/2019;0,2;
08/09/2019;0,2;
09/09/2019;0,2;
10/09/2019;0,2;
11/09/2019;0,2;
12/09/2019;0,1792;
13/09/2019;0,1833;
14/09/2019;0,2;
15/09/2019;0,1958;
16/09/2019;0,2;
17/09/2019;0,2;
18/09/2019;0,1375;
19/09/2019;0,1;
20/09/2019;0,1625;
21/09/2019;0,1542;
22/09/2019;0,0792;
23/09/2019;0,025;
24/09/2019;0,0542;
25/09/2019;0,0875;
26/09/2019;0,0625;
27/09/2019;0,0875;
28/09/2019;0,1;
29/09/2019;0,1;
30/09/2019;0,1;
01/10/2019;0,1;
02/10/2019;0,1708;
03/10/2019;0,1792;
04/10/2019;0,2;
05/10/2019;0,175;
06/10/2019;0,1;
07/10/2019;0,15;
08/10/2019;0,2;
09/10/2019;0,1667;
10/10/2019;0,1625;
11/10/2019;0,1208;
12/10/2019;0,1833;
13/10/2019;0,175;
14/10/2019;0,1458;
15/10/2019;0,0833;
16/10/2019;0,05;
17/10/2019;0,1846;
18/10/2019;0,1042;
19/10/2019;0,0167;
20/10/2019;0,0708;
21/10/2019;0,1;
22/10/2019;0,0792;
23/10/2019;0,0667;
24/10/2019;0,075;
25/10/2019;0,1;
26/10/2019;0,1542;
27/10/2019;0,2;
28/10/2019;0,1792;
29/10/2019;0,1917;
30/10/2019;0,1167;
31/10/2019;0,1;
01/11/2019;0,1;
02/11/2019;0,1;
03/11/2019;0,05;
04/11/2019;0,1779;
05/11/2019;0,075;
06/11/2019;0,0917;
07/11/2019;0,075;
08/11/2019;0,1;
09/11/2019;0,1;
10/11/2019;0,1;
11/11/2019;0,05;
12/11/2019;0,0833;
13/11/2019;0,0542;
14/11/2019;0,0875;
15/11/2019;0,1;
16/11/2019;0,0458;
17/11/2019;0,075;
18/11/2019;0,0417;
19/11/2019;0,0417;
20/11/2019;0,0708;
21/11/2019;0,0625;
22/11/2019;0,0433;
23/11/2019;0,0708;
24/11/2019;0,05;
25/11/2019;0,05;
26/11/2019;0,0667;
27/11/2019;0,0604;
28/11/2019;0,0375;
29/11/2019;0,0375;
30/11/2019;0,0417;
01/12/2019;0,0333;
02/12/2019;0,0833;
03/12/2019;0,1375;
04/12/2019;0,2;
05/12/2019;0,125;
06/12/2019;0,1;
07/12/2019;0,0333;
08/12/2019;0,1213;
09/12/2019;0,2;
10/12/2019;0,1375;
11/12/2019;0,1;
12/12/2019;0,1;
13/12/2019;0,1;
14/12/2019;0,1;
15/12/2019;0,1;
16/12/2019;0,1;
17/12/2019;0,1;
18/12/2019;0,1;
19/12/2019;0,1;
20/12/2019;0,1208;
21/12/2019;0,1;
22/12/2019;0,1;
23/12/2019;0,1208;
24/12/2019;0,1625;
25/12/2019;0,1125;
26/12/2019;0,2;
27/12/2019;0,1583;
28/12/2019;0,125;
29/12/2019;0,1875;
30/12/2019;0,1;
31/12/2019;0,1417;
